{
  "config": "chrome_apple_1x",
  "run_id": 12,
  "timestamp": "2026-02-24T03:32:05.230241+00:00",
  "success": true,
  "energy_data": {
    "samples": 186,
    "total_energy_joules": 1250.0938,
    "energy_column_used": "PACKAGE_ENERGY (J)",
    "duration_seconds": 0.0,
    "mean_power_watts": 1250093.811,
    "raw_power_readings": [
      93926.0337524414,
      93926.04315185547,
      93929.28692626953,
      93953.72271728516,
      93985.75329589844
    ]
  },
  "error": null
}