{
  "config": "brave_apple_2x",
  "run_id": 0,
  "timestamp": "2026-02-23T04:07:53.720777+00:00",
  "success": true,
  "energy_data": {
    "samples": 187,
    "total_energy_joules": 296.9317,
    "energy_column_used": "CPU_ENERGY (J)",
    "duration_seconds": 92.58,
    "mean_power_watts": 3.2072,
    "raw_power_readings": [
      201148.71459960938,
      201148.7194671631,
      201150.71253967285,
      201153.8155517578,
      201159.0878753662
    ]
  },
  "error": null
}