{
  "config": "brave_apple_2x",
  "run_id": 22,
  "timestamp": "2026-02-23T04:57:10.840525+00:00",
  "success": true,
  "energy_data": {
    "samples": 186,
    "total_energy_joules": 294.4261,
    "energy_column_used": "CPU_ENERGY (J)",
    "duration_seconds": 92.08,
    "mean_power_watts": 3.1974,
    "raw_power_readings": [
      210221.92025756836,
      210221.9252166748,
      210223.9306793213,
      210227.35093688965,
      210232.70832824707
    ]
  },
  "error": null
}