{
  "config": "brave_apple_2x",
  "run_id": 4,
  "timestamp": "2026-02-23T04:16:52.204704+00:00",
  "success": true,
  "energy_data": {
    "samples": 186,
    "total_energy_joules": 5.4232,
    "energy_column_used": "CORE0_ENERGY (J)",
    "duration_seconds": 0.0,
    "mean_power_watts": 5423.2025,
    "raw_power_readings": [
      7620.440856933594,
      7620.440872192383,
      7620.462020874023,
      7620.637969970703,
      7621.082107543945
    ]
  },
  "error": null
}