{
  "config": "brave_apple_2x",
  "run_id": 23,
  "timestamp": "2026-02-23T04:59:25.379175+00:00",
  "success": true,
  "energy_data": {
    "samples": 186,
    "total_energy_joules": 5.8579,
    "energy_column_used": "CORE0_ENERGY (J)",
    "duration_seconds": 0.0,
    "mean_power_watts": 5857.9407,
    "raw_power_readings": [
      7795.388427734375,
      7795.388626098633,
      7795.452865600586,
      7795.619888305664,
      7796.034408569336
    ]
  },
  "error": null
}