{
  "config": "brave_apple_2x",
  "run_id": 1,
  "timestamp": "2026-02-23T04:10:08.618924+00:00",
  "success": true,
  "energy_data": {
    "samples": 186,
    "total_energy_joules": 299.2489,
    "energy_column_used": "CPU_ENERGY (J)",
    "duration_seconds": 92.08,
    "mean_power_watts": 3.2498,
    "raw_power_readings": [
      201564.8172607422,
      201564.82456970215,
      201567.08946228027,
      201570.21591186523,
      201575.277633667
    ]
  },
  "error": null
}