{
  "config": "brave_apple_2x",
  "run_id": 17,
  "timestamp": "2026-02-23T04:45:59.515230+00:00",
  "success": true,
  "energy_data": {
    "samples": 186,
    "total_energy_joules": 298.0659,
    "energy_column_used": "CPU_ENERGY (J)",
    "duration_seconds": 92.09,
    "mean_power_watts": 3.2366,
    "raw_power_readings": [
      208163.37559509277,
      208163.3836364746,
      208165.6330718994,
      208168.67764282227,
      208173.57302856445
    ]
  },
  "error": null
}