{
  "config": "brave_apple_2x",
  "run_id": 11,
  "timestamp": "2026-02-23T04:32:33.567862+00:00",
  "success": true,
  "energy_data": {
    "samples": 186,
    "total_energy_joules": 300.3668,
    "energy_column_used": "CPU_ENERGY (J)",
    "duration_seconds": 92.08,
    "mean_power_watts": 3.2621,
    "raw_power_readings": [
      205677.63702392578,
      205677.64297485352,
      205679.70401000977,
      205683.11561584473,
      205688.38496398926
    ]
  },
  "error": null
}