{
  "config": "brave_apple_2x",
  "run_id": 21,
  "timestamp": "2026-02-23T04:54:56.689061+00:00",
  "success": true,
  "energy_data": {
    "samples": 186,
    "total_energy_joules": 297.2459,
    "energy_column_used": "CPU_ENERGY (J)",
    "duration_seconds": 92.08,
    "mean_power_watts": 3.228,
    "raw_power_readings": [
      209811.52778625488,
      209811.5379638672,
      209813.71629333496,
      209816.84829711914,
      209822.01766967773
    ]
  },
  "error": null
}