{
  "config": "brave_apple_2x",
  "run_id": 8,
  "timestamp": "2026-02-23T04:25:50.101035+00:00",
  "success": true,
  "energy_data": {
    "samples": 186,
    "total_energy_joules": 294.3825,
    "energy_column_used": "CPU_ENERGY (J)",
    "duration_seconds": 92.09,
    "mean_power_watts": 3.1968,
    "raw_power_readings": [
      204434.8479156494,
      204434.85301208496,
      204437.16987609863,
      204440.25871276855,
      204445.57138061523
    ]
  },
  "error": null
}