{
  "config": "brave_apple_2x",
  "run_id": 13,
  "timestamp": "2026-02-23T04:37:02.168554+00:00",
  "success": true,
  "energy_data": {
    "samples": 186,
    "total_energy_joules": 298.3946,
    "energy_column_used": "CPU_ENERGY (J)",
    "duration_seconds": 92.09,
    "mean_power_watts": 3.2402,
    "raw_power_readings": [
      206512.55647277832,
      206512.5613708496,
      206514.84326171875,
      206518.01950073242,
      206523.17976379395
    ]
  },
  "error": null
}