{
  "config": "brave_apple_2x",
  "run_id": 7,
  "timestamp": "2026-02-23T04:23:35.732813+00:00",
  "success": true,
  "energy_data": {
    "samples": 186,
    "total_energy_joules": 297.2185,
    "energy_column_used": "CPU_ENERGY (J)",
    "duration_seconds": 92.1,
    "mean_power_watts": 3.2272,
    "raw_power_readings": [
      204025.29208374023,
      204025.29733276367,
      204027.580368042,
      204030.75941467285,
      204035.9390411377
    ]
  },
  "error": null
}