{
  "config": "brave_apple_2x",
  "run_id": 19,
  "timestamp": "2026-02-23T04:50:28.160122+00:00",
  "success": true,
  "energy_data": {
    "samples": 186,
    "total_energy_joules": 5.7094,
    "energy_column_used": "CORE0_ENERGY (J)",
    "duration_seconds": 0.0,
    "mean_power_watts": 5709.4269,
    "raw_power_readings": [
      7758.817398071289,
      7758.8175048828125,
      7758.841751098633,
      7759.017913818359,
      7759.436416625977
    ]
  },
  "error": null
}