{
  "config": "brave_apple_2x",
  "run_id": 6,
  "timestamp": "2026-02-23T04:21:21.651341+00:00",
  "success": true,
  "energy_data": {
    "samples": 186,
    "total_energy_joules": 291.8391,
    "energy_column_used": "CPU_ENERGY (J)",
    "duration_seconds": 92.08,
    "mean_power_watts": 3.1695,
    "raw_power_readings": [
      203613.5839996338,
      203613.58856201172,
      203615.7628479004,
      203619.4295654297,
      203625.00357055664
    ]
  },
  "error": null
}