{
  "config": "brave_apple_2x",
  "run_id": 23,
  "timestamp": "2026-02-23T04:59:25.379175+00:00",
  "success": true,
  "energy_data": {
    "samples": 186,
    "total_energy_joules": 298.4538,
    "energy_column_used": "CPU_ENERGY (J)",
    "duration_seconds": 92.08,
    "mean_power_watts": 3.2412,
    "raw_power_readings": [
      210635.5216064453,
      210635.52909851074,
      210637.89936828613,
      210641.56481933594,
      210646.95794677734
    ]
  },
  "error": null
}