{
  "config": "brave_apple_2x",
  "run_id": 19,
  "timestamp": "2026-02-23T04:50:28.160122+00:00",
  "success": true,
  "energy_data": {
    "samples": 186,
    "total_energy_joules": 297.4664,
    "energy_column_used": "CPU_ENERGY (J)",
    "duration_seconds": 92.08,
    "mean_power_watts": 3.2306,
    "raw_power_readings": [
      208988.2145690918,
      208988.22241210938,
      208990.53240966797,
      208994.0669708252,
      208999.51654052734
    ]
  },
  "error": null
}