{
  "config": "brave_apple_2x",
  "run_id": 24,
  "timestamp": "2026-02-23T05:01:39.964695+00:00",
  "success": true,
  "energy_data": {
    "samples": 186,
    "total_energy_joules": 293.54,
    "energy_column_used": "CPU_ENERGY (J)",
    "duration_seconds": 92.09,
    "mean_power_watts": 3.1875,
    "raw_power_readings": [
      211047.34141540527,
      211047.3466949463,
      211049.51837158203,
      211053.33737182617,
      211058.77319335938
    ]
  },
  "error": null
}