{
  "config": "brave_apple_2x",
  "run_id": 2,
  "timestamp": "2026-02-23T04:12:23.076971+00:00",
  "success": true,
  "energy_data": {
    "samples": 186,
    "total_energy_joules": 290.2345,
    "energy_column_used": "CPU_ENERGY (J)",
    "duration_seconds": 92.09,
    "mean_power_watts": 3.1516,
    "raw_power_readings": [
      201977.65922546387,
      201977.66333007812,
      201980.07223510742,
      201983.1836090088,
      201988.4104309082
    ]
  },
  "error": null
}