{
  "config": "brave_apple_2x",
  "run_id": 20,
  "timestamp": "2026-02-23T04:52:42.556664+00:00",
  "success": true,
  "energy_data": {
    "samples": 186,
    "total_energy_joules": 292.1494,
    "energy_column_used": "CPU_ENERGY (J)",
    "duration_seconds": 92.08,
    "mean_power_watts": 3.1728,
    "raw_power_readings": [
      209398.30601501465,
      209398.31010437012,
      209400.3797607422,
      209403.6157836914,
      209408.89309692383
    ]
  },
  "error": null
}