{
  "config": "brave_apple_2x",
  "run_id": 10,
  "timestamp": "2026-02-23T04:30:19.442821+00:00",
  "success": true,
  "energy_data": {
    "samples": 186,
    "total_energy_joules": 295.4342,
    "energy_column_used": "CPU_ENERGY (J)",
    "duration_seconds": 92.09,
    "mean_power_watts": 3.208,
    "raw_power_readings": [
      205260.6114654541,
      205260.6164855957,
      205262.76905822754,
      205265.99647521973,
      205271.34812927246
    ]
  },
  "error": null
}