{
  "config": "brave_apple_2x",
  "run_id": 27,
  "timestamp": "2026-02-23T05:08:23.569642+00:00",
  "success": true,
  "energy_data": {
    "samples": 187,
    "total_energy_joules": 5.8128,
    "energy_column_used": "CORE0_ENERGY (J)",
    "duration_seconds": 0.0,
    "mean_power_watts": 5812.7747,
    "raw_power_readings": [
      7831.953475952148,
      7831.95378112793,
      7831.971328735352,
      7832.071380615234,
      7832.368698120117
    ]
  },
  "error": null
}