{
  "config": "brave_apple_2x",
  "run_id": 25,
  "timestamp": "2026-02-23T05:03:54.508118+00:00",
  "success": true,
  "energy_data": {
    "samples": 186,
    "total_energy_joules": 295.7341,
    "energy_column_used": "CPU_ENERGY (J)",
    "duration_seconds": 92.08,
    "mean_power_watts": 3.2115,
    "raw_power_readings": [
      211458.72610473633,
      211458.7307281494,
      211461.0516204834,
      211464.54341125488,
      211470.0632171631
    ]
  },
  "error": null
}