{
  "config": "brave_apple_2x",
  "run_id": 26,
  "timestamp": "2026-02-23T05:06:08.813851+00:00",
  "success": true,
  "energy_data": {
    "samples": 187,
    "total_energy_joules": 5.3909,
    "energy_column_used": "CORE0_ENERGY (J)",
    "duration_seconds": 0.0,
    "mean_power_watts": 5390.8997,
    "raw_power_readings": [
      7822.644012451172,
      7822.644012451172,
      7822.690124511719,
      7822.790878295898,
      7823.122406005859
    ]
  },
  "error": null
}