{
  "config": "brave_apple_2x",
  "run_id": 5,
  "timestamp": "2026-02-23T04:19:06.937562+00:00",
  "success": true,
  "energy_data": {
    "samples": 187,
    "total_energy_joules": 298.6344,
    "energy_column_used": "CPU_ENERGY (J)",
    "duration_seconds": 92.59,
    "mean_power_watts": 3.2253,
    "raw_power_readings": [
      203202.85960388184,
      203202.86569213867,
      203205.11192321777,
      203207.53552246094,
      203212.04414367676
    ]
  },
  "error": null
}