{
  "config": "brave_apple_2x",
  "run_id": 12,
  "timestamp": "2026-02-23T04:34:47.841103+00:00",
  "success": true,
  "energy_data": {
    "samples": 186,
    "total_energy_joules": 298.5657,
    "energy_column_used": "CPU_ENERGY (J)",
    "duration_seconds": 92.09,
    "mean_power_watts": 3.2421,
    "raw_power_readings": [
      206091.78746032715,
      206091.79261779785,
      206093.8437652588,
      206097.07926940918,
      206102.50918579102
    ]
  },
  "error": null
}