{
  "config": "brave_apple_2x",
  "run_id": 29,
  "timestamp": "2026-02-23T05:12:53.357085+00:00",
  "success": true,
  "energy_data": {
    "samples": 187,
    "total_energy_joules": 303.2244,
    "energy_column_used": "CPU_ENERGY (J)",
    "duration_seconds": 92.58,
    "mean_power_watts": 3.2754,
    "raw_power_readings": [
      213111.18086242676,
      213111.18716430664,
      213113.35343933105,
      213116.53157043457,
      213121.76167297363
    ]
  },
  "error": null
}