{
  "config": "brave_apple_2x",
  "run_id": 18,
  "timestamp": "2026-02-23T04:48:13.707436+00:00",
  "success": true,
  "energy_data": {
    "samples": 186,
    "total_energy_joules": 294.7553,
    "energy_column_used": "CPU_ENERGY (J)",
    "duration_seconds": 92.08,
    "mean_power_watts": 3.201,
    "raw_power_readings": [
      208574.26301574707,
      208574.27435302734,
      208576.4487915039,
      208580.0407409668,
      208585.58045959473
    ]
  },
  "error": null
}