{
  "config": "brave_apple_2x",
  "run_id": 14,
  "timestamp": "2026-02-23T04:39:16.499924+00:00",
  "success": true,
  "energy_data": {
    "samples": 186,
    "total_energy_joules": 294.7645,
    "energy_column_used": "CPU_ENERGY (J)",
    "duration_seconds": 92.09,
    "mean_power_watts": 3.2009,
    "raw_power_readings": [
      206924.89184570312,
      206924.8960723877,
      206927.02642822266,
      206930.21571350098,
      206935.4952392578
    ]
  },
  "error": null
}