{
  "config": "brave_apple_2x",
  "run_id": 9,
  "timestamp": "2026-02-23T04:28:04.927099+00:00",
  "success": true,
  "energy_data": {
    "samples": 186,
    "total_energy_joules": 297.7577,
    "energy_column_used": "CPU_ENERGY (J)",
    "duration_seconds": 92.09,
    "mean_power_watts": 3.2335,
    "raw_power_readings": [
      204849.1096343994,
      204849.11477661133,
      204851.29963684082,
      204854.99739074707,
      204860.36372375488
    ]
  },
  "error": null
}