{
  "config": "brave_apple_2x",
  "run_id": 16,
  "timestamp": "2026-02-23T04:43:45.373212+00:00",
  "success": true,
  "energy_data": {
    "samples": 186,
    "total_energy_joules": 293.8407,
    "energy_column_used": "CPU_ENERGY (J)",
    "duration_seconds": 92.08,
    "mean_power_watts": 3.191,
    "raw_power_readings": [
      207750.60969543457,
      207750.61380004883,
      207752.88809204102,
      207756.56596374512,
      207762.11561584473
    ]
  },
  "error": null
}