{
  "config": "brave_apple_2x",
  "run_id": 3,
  "timestamp": "2026-02-23T04:14:37.729625+00:00",
  "success": true,
  "energy_data": {
    "samples": 186,
    "total_energy_joules": 296.337,
    "energy_column_used": "CPU_ENERGY (J)",
    "duration_seconds": 92.08,
    "mean_power_watts": 3.2181,
    "raw_power_readings": [
      202386.43782043457,
      202386.44276428223,
      202388.63948059082,
      202392.29335021973,
      202397.90216064453
    ]
  },
  "error": null
}