{
  "config": "brave_apple_2x",
  "run_id": 26,
  "timestamp": "2026-02-23T05:06:08.813851+00:00",
  "success": true,
  "energy_data": {
    "samples": 187,
    "total_energy_joules": 295.66,
    "energy_column_used": "CPU_ENERGY (J)",
    "duration_seconds": 92.58,
    "mean_power_watts": 3.1934,
    "raw_power_readings": [
      211866.2745361328,
      211866.2795562744,
      211868.6504058838,
      211871.25036621094,
      211875.80627441406
    ]
  },
  "error": null
}