{
  "config": "brave_apple_2x",
  "run_id": 28,
  "timestamp": "2026-02-23T05:10:38.924649+00:00",
  "success": true,
  "energy_data": {
    "samples": 186,
    "total_energy_joules": 293.6593,
    "energy_column_used": "CPU_ENERGY (J)",
    "duration_seconds": 92.09,
    "mean_power_watts": 3.1889,
    "raw_power_readings": [
      212697.10075378418,
      212697.1050567627,
      212699.18061828613,
      212702.4148864746,
      212707.65701293945
    ]
  },
  "error": null
}