{
  "config": "brave_apple_2x",
  "run_id": 27,
  "timestamp": "2026-02-23T05:08:23.569642+00:00",
  "success": true,
  "energy_data": {
    "samples": 187,
    "total_energy_joules": 302.284,
    "energy_column_used": "CPU_ENERGY (J)",
    "duration_seconds": 92.58,
    "mean_power_watts": 3.265,
    "raw_power_readings": [
      212282.42680358887,
      212282.4397277832,
      212284.5721435547,
      212286.86347961426,
      212291.34567260742
    ]
  },
  "error": null
}