{
  "config": "brave_apple_2x",
  "run_id": 4,
  "timestamp": "2026-02-23T04:16:52.204704+00:00",
  "success": true,
  "energy_data": {
    "samples": 186,
    "total_energy_joules": 290.3085,
    "energy_column_used": "CPU_ENERGY (J)",
    "duration_seconds": 92.09,
    "mean_power_watts": 3.1525,
    "raw_power_readings": [
      202794.54991149902,
      202794.5548095703,
      202796.7201538086,
      202800.10816955566,
      202805.5163116455
    ]
  },
  "error": null
}