{
  "config": "brave_apple_2x",
  "run_id": 22,
  "timestamp": "2026-02-23T04:57:10.840525+00:00",
  "success": true,
  "energy_data": {
    "samples": 186,
    "total_energy_joules": 5.3947,
    "energy_column_used": "CORE0_ENERGY (J)",
    "duration_seconds": 0.0,
    "mean_power_watts": 5394.7144,
    "raw_power_readings": [
      7786.022766113281,
      7786.02278137207,
      7786.074127197266,
      7786.228378295898,
      7786.6378173828125
    ]
  },
  "error": null
}