{
  "config": "brave_apple_2x",
  "run_id": 5,
  "timestamp": "2026-02-23T04:19:06.937562+00:00",
  "success": true,
  "energy_data": {
    "samples": 187,
    "total_energy_joules": 5.8102,
    "energy_column_used": "CORE0_ENERGY (J)",
    "duration_seconds": 0.0,
    "mean_power_watts": 5810.2417,
    "raw_power_readings": [
      7629.77522277832,
      7629.7755126953125,
      7629.806930541992,
      7629.922058105469,
      7630.254867553711
    ]
  },
  "error": null
}