{
  "config": "brave_apple_2x",
  "run_id": 15,
  "timestamp": "2026-02-23T04:41:30.937721+00:00",
  "success": true,
  "energy_data": {
    "samples": 186,
    "total_energy_joules": 298.6006,
    "energy_column_used": "CPU_ENERGY (J)",
    "duration_seconds": 92.09,
    "mean_power_watts": 3.2426,
    "raw_power_readings": [
      207340.6438446045,
      207340.64796447754,
      207342.8124847412,
      207346.0634918213,
      207351.34756469727
    ]
  },
  "error": null
}