{
  "config": "brave_apple_2x",
  "run_id": 17,
  "timestamp": "2026-02-23T04:45:59.515230+00:00",
  "success": true,
  "energy_data": {
    "samples": 186,
    "total_energy_joules": 5.8446,
    "energy_column_used": "CORE0_ENERGY (J)",
    "duration_seconds": 0.0,
    "mean_power_watts": 5844.635,
    "raw_power_readings": [
      7740.553726196289,
      7740.554061889648,
      7740.610641479492,
      7740.780212402344,
      7741.113372802734
    ]
  },
  "error": null
}