{
  "config": "brave_spotify_2x",
  "run_id": 1,
  "timestamp": "2026-02-22T23:41:19.817031+00:00",
  "success": true,
  "energy_data": {
    "samples": 184,
    "total_energy_joules": 707.5489,
    "energy_column_used": "CPU_ENERGY (J)",
    "duration_seconds": 91.06,
    "mean_power_watts": 7.7699,
    "raw_power_readings": [
      140183.2248687744,
      140183.2296142578,
      140185.77655029297,
      140191.15425109863,
      140196.6282196045
    ]
  },
  "error": null
}