{
  "config": "brave_spotify_2x",
  "run_id": 22,
  "timestamp": "2026-02-23T00:28:16.141940+00:00",
  "success": true,
  "energy_data": {
    "samples": 184,
    "total_energy_joules": 722.9369,
    "energy_column_used": "CPU_ENERGY (J)",
    "duration_seconds": 91.06,
    "mean_power_watts": 7.9393,
    "raw_power_readings": [
      158180.4627685547,
      158180.46626281738,
      158182.82537841797,
      158188.05786132812,
      158193.05848693848
    ]
  },
  "error": null
}