{
  "config": "brave_spotify_2x",
  "run_id": 21,
  "timestamp": "2026-02-23T00:26:01.979912+00:00",
  "success": true,
  "energy_data": {
    "samples": 184,
    "total_energy_joules": 705.9008,
    "energy_column_used": "CPU_ENERGY (J)",
    "duration_seconds": 91.06,
    "mean_power_watts": 7.752,
    "raw_power_readings": [
      157340.22673034668,
      157340.2317047119,
      157343.0693511963,
      157347.98582458496,
      157353.5470123291
    ]
  },
  "error": null
}