{
  "config": "brave_spotify_2x",
  "run_id": 25,
  "timestamp": "2026-02-23T00:34:58.335637+00:00",
  "success": true,
  "energy_data": {
    "samples": 184,
    "total_energy_joules": 39.8409,
    "energy_column_used": "CORE0_ENERGY (J)",
    "duration_seconds": 0.0,
    "mean_power_watts": 39840.8508,
    "raw_power_readings": [
      6631.752624511719,
      6631.752655029297,
      6631.802474975586,
      6632.168060302734,
      6632.518630981445
    ]
  },
  "error": null
}