{
  "config": "brave_spotify_2x",
  "run_id": 12,
  "timestamp": "2026-02-23T00:05:55.064119+00:00",
  "success": true,
  "energy_data": {
    "samples": 184,
    "total_energy_joules": 722.3404,
    "energy_column_used": "CPU_ENERGY (J)",
    "duration_seconds": 91.05,
    "mean_power_watts": 7.9332,
    "raw_power_readings": [
      149652.64637756348,
      149652.64945983887,
      149654.9873199463,
      149659.86639404297,
      149665.34225463867
    ]
  },
  "error": null
}