{
  "config": "brave_spotify_2x",
  "run_id": 10,
  "timestamp": "2026-02-23T00:01:26.676064+00:00",
  "success": true,
  "energy_data": {
    "samples": 184,
    "total_energy_joules": 737.2863,
    "energy_column_used": "CPU_ENERGY (J)",
    "duration_seconds": 91.05,
    "mean_power_watts": 8.0976,
    "raw_power_readings": [
      147907.79608154297,
      147907.8011932373,
      147910.81713867188,
      147916.29489135742,
      147921.66737365723
    ]
  },
  "error": null
}