{
  "config": "brave_spotify_2x",
  "run_id": 23,
  "timestamp": "2026-02-23T00:30:30.120879+00:00",
  "success": true,
  "energy_data": {
    "samples": 184,
    "total_energy_joules": 704.6575,
    "energy_column_used": "CPU_ENERGY (J)",
    "duration_seconds": 91.06,
    "mean_power_watts": 7.7382,
    "raw_power_readings": [
      159042.30584716797,
      159042.3154449463,
      159044.98109436035,
      159050.04705810547,
      159055.73669433594
    ]
  },
  "error": null
}