{
  "config": "brave_spotify_2x",
  "run_id": 13,
  "timestamp": "2026-02-23T00:08:09.137548+00:00",
  "success": true,
  "energy_data": {
    "samples": 184,
    "total_energy_joules": 40.088,
    "energy_column_used": "CORE0_ENERGY (J)",
    "duration_seconds": 0.0,
    "mean_power_watts": 40088.0432,
    "raw_power_readings": [
      6080.569595336914,
      6080.569595336914,
      6080.630767822266,
      6080.995422363281,
      6081.440826416016
    ]
  },
  "error": null
}