{
  "config": "brave_spotify_2x",
  "run_id": 4,
  "timestamp": "2026-02-22T23:48:02.201372+00:00",
  "success": true,
  "energy_data": {
    "samples": 184,
    "total_energy_joules": 727.1357,
    "energy_column_used": "CPU_ENERGY (J)",
    "duration_seconds": 91.06,
    "mean_power_watts": 7.9851,
    "raw_power_readings": [
      142734.25398254395,
      142734.26124572754,
      142736.70765686035,
      142741.89874267578,
      142746.87438964844
    ]
  },
  "error": null
}