{
  "config": "brave_spotify_2x",
  "run_id": 2,
  "timestamp": "2026-02-22T23:43:33.967267+00:00",
  "success": true,
  "energy_data": {
    "samples": 184,
    "total_energy_joules": 730.4327,
    "energy_column_used": "CPU_ENERGY (J)",
    "duration_seconds": 91.06,
    "mean_power_watts": 8.0215,
    "raw_power_readings": [
      141024.48513793945,
      141024.4886932373,
      141027.34674072266,
      141032.56127929688,
      141037.93019104004
    ]
  },
  "error": null
}