{
  "config": "brave_spotify_2x",
  "run_id": 29,
  "timestamp": "2026-02-23T00:43:54.724528+00:00",
  "success": true,
  "energy_data": {
    "samples": 184,
    "total_energy_joules": 698.4977,
    "energy_column_used": "CPU_ENERGY (J)",
    "duration_seconds": 91.06,
    "mean_power_watts": 7.6709,
    "raw_power_readings": [
      164140.78215026855,
      164140.78509521484,
      164143.2241821289,
      164148.55242919922,
      164153.5671081543
    ]
  },
  "error": null
}