{
  "config": "brave_spotify_2x",
  "run_id": 12,
  "timestamp": "2026-02-23T00:05:55.064119+00:00",
  "success": true,
  "energy_data": {
    "samples": 184,
    "total_energy_joules": 42.082,
    "energy_column_used": "CORE0_ENERGY (J)",
    "duration_seconds": 0.0,
    "mean_power_watts": 42081.9702,
    "raw_power_readings": [
      6033.568862915039,
      6033.568862915039,
      6033.640380859375,
      6034.023864746094,
      6034.453765869141
    ]
  },
  "error": null
}