{
  "config": "brave_spotify_2x",
  "run_id": 20,
  "timestamp": "2026-02-23T00:23:47.883766+00:00",
  "success": true,
  "energy_data": {
    "samples": 184,
    "total_energy_joules": 726.3114,
    "energy_column_used": "CPU_ENERGY (J)",
    "duration_seconds": 91.06,
    "mean_power_watts": 7.9764,
    "raw_power_readings": [
      156475.01419067383,
      156475.0223388672,
      156477.53825378418,
      156482.96893310547,
      156488.48162841797
    ]
  },
  "error": null
}