{
  "config": "brave_spotify_2x",
  "run_id": 6,
  "timestamp": "2026-02-22T23:52:30.489560+00:00",
  "success": true,
  "energy_data": {
    "samples": 184,
    "total_energy_joules": 726.9607,
    "energy_column_used": "CPU_ENERGY (J)",
    "duration_seconds": 91.06,
    "mean_power_watts": 7.9833,
    "raw_power_readings": [
      144449.16270446777,
      144449.16702270508,
      144451.70707702637,
      144457.30198669434,
      144463.23248291016
    ]
  },
  "error": null
}