{
  "config": "brave_spotify_2x",
  "run_id": 27,
  "timestamp": "2026-02-23T00:39:26.511963+00:00",
  "success": true,
  "energy_data": {
    "samples": 184,
    "total_energy_joules": 39.9867,
    "energy_column_used": "CORE0_ENERGY (J)",
    "duration_seconds": 0.0,
    "mean_power_watts": 39986.6943,
    "raw_power_readings": [
      6722.794387817383,
      6722.794387817383,
      6722.892852783203,
      6723.227401733398,
      6723.595001220703
    ]
  },
  "error": null
}