{
  "config": "brave_spotify_2x",
  "run_id": 14,
  "timestamp": "2026-02-23T00:10:23.285665+00:00",
  "success": true,
  "energy_data": {
    "samples": 184,
    "total_energy_joules": 727.3513,
    "energy_column_used": "CPU_ENERGY (J)",
    "duration_seconds": 91.05,
    "mean_power_watts": 7.9886,
    "raw_power_readings": [
      151352.81063842773,
      151352.81063842773,
      151355.19464111328,
      151360.4207763672,
      151365.3217010498
    ]
  },
  "error": null
}