{
  "config": "brave_spotify_2x",
  "run_id": 3,
  "timestamp": "2026-02-22T23:45:48.065606+00:00",
  "success": true,
  "energy_data": {
    "samples": 184,
    "total_energy_joules": 705.5855,
    "energy_column_used": "CPU_ENERGY (J)",
    "duration_seconds": 91.06,
    "mean_power_watts": 7.7487,
    "raw_power_readings": [
      141895.21253967285,
      141895.2189025879,
      141898.32818603516,
      141903.52815246582,
      141909.1358795166
    ]
  },
  "error": null
}