{
  "config": "brave_spotify_2x",
  "run_id": 9,
  "timestamp": "2026-02-22T23:59:12.672883+00:00",
  "success": true,
  "energy_data": {
    "samples": 184,
    "total_energy_joules": 716.6641,
    "energy_column_used": "CPU_ENERGY (J)",
    "duration_seconds": 91.06,
    "mean_power_watts": 7.8707,
    "raw_power_readings": [
      147030.19548034668,
      147030.19888305664,
      147032.67710876465,
      147038.03247070312,
      147043.62071228027
    ]
  },
  "error": null
}