{
  "config": "brave_spotify_2x",
  "run_id": 11,
  "timestamp": "2026-02-23T00:03:40.866623+00:00",
  "success": true,
  "energy_data": {
    "samples": 184,
    "total_energy_joules": 706.5463,
    "energy_column_used": "CPU_ENERGY (J)",
    "duration_seconds": 91.05,
    "mean_power_watts": 7.7596,
    "raw_power_readings": [
      148814.8133392334,
      148814.8175048828,
      148817.95671081543,
      148823.52909851074,
      148829.32162475586
    ]
  },
  "error": null
}