{
  "config": "brave_spotify_2x",
  "run_id": 13,
  "timestamp": "2026-02-23T00:08:09.137548+00:00",
  "success": true,
  "energy_data": {
    "samples": 184,
    "total_energy_joules": 705.5727,
    "energy_column_used": "CPU_ENERGY (J)",
    "duration_seconds": 91.06,
    "mean_power_watts": 7.7484,
    "raw_power_readings": [
      150514.81958007812,
      150514.82243347168,
      150517.2296142578,
      150522.47149658203,
      150528.37461853027
    ]
  },
  "error": null
}