{
  "config": "brave_spotify_2x",
  "run_id": 17,
  "timestamp": "2026-02-23T00:17:05.625793+00:00",
  "success": true,
  "energy_data": {
    "samples": 184,
    "total_energy_joules": 706.8617,
    "energy_column_used": "CPU_ENERGY (J)",
    "duration_seconds": 91.06,
    "mean_power_watts": 7.763,
    "raw_power_readings": [
      153929.37882995605,
      153929.38346862793,
      153931.9037322998,
      153937.31721496582,
      153942.6251373291
    ]
  },
  "error": null
}