{
  "config": "brave_spotify_2x",
  "run_id": 27,
  "timestamp": "2026-02-23T00:39:26.511963+00:00",
  "success": true,
  "energy_data": {
    "samples": 184,
    "total_energy_joules": 702.533,
    "energy_column_used": "CPU_ENERGY (J)",
    "duration_seconds": 91.06,
    "mean_power_watts": 7.7148,
    "raw_power_readings": [
      162442.77919006348,
      162442.7820739746,
      162445.52995300293,
      162450.41194152832,
      162455.72550964355
    ]
  },
  "error": null
}