{
  "config": "brave_spotify_2x",
  "run_id": 28,
  "timestamp": "2026-02-23T00:41:40.591789+00:00",
  "success": true,
  "energy_data": {
    "samples": 184,
    "total_energy_joules": 724.4084,
    "energy_column_used": "CPU_ENERGY (J)",
    "duration_seconds": 91.06,
    "mean_power_watts": 7.9553,
    "raw_power_readings": [
      163278.34135437012,
      163278.35008239746,
      163280.73194885254,
      163285.57751464844,
      163290.92413330078
    ]
  },
  "error": null
}