{
  "config": "brave_spotify_2x",
  "run_id": 8,
  "timestamp": "2026-02-22T23:56:58.589481+00:00",
  "success": true,
  "energy_data": {
    "samples": 184,
    "total_energy_joules": 732.4467,
    "energy_column_used": "CPU_ENERGY (J)",
    "duration_seconds": 91.06,
    "mean_power_watts": 8.0436,
    "raw_power_readings": [
      146156.1993713379,
      146156.20378112793,
      146158.7865447998,
      146163.96600341797,
      146169.46423339844
    ]
  },
  "error": null
}