{
  "config": "brave_spotify_2x",
  "run_id": 6,
  "timestamp": "2026-02-22T23:52:30.489560+00:00",
  "success": true,
  "energy_data": {
    "samples": 184,
    "total_energy_joules": 42.3115,
    "energy_column_used": "CORE0_ENERGY (J)",
    "duration_seconds": 0.0,
    "mean_power_watts": 42311.5082,
    "raw_power_readings": [
      5757.123291015625,
      5757.123626708984,
      5757.197418212891,
      5757.601760864258,
      5758.0533447265625
    ]
  },
  "error": null
}