{
  "config": "brave_spotify_2x",
  "run_id": 15,
  "timestamp": "2026-02-23T00:12:37.318915+00:00",
  "success": true,
  "energy_data": {
    "samples": 184,
    "total_energy_joules": 704.9915,
    "energy_column_used": "CPU_ENERGY (J)",
    "duration_seconds": 91.06,
    "mean_power_watts": 7.742,
    "raw_power_readings": [
      152225.46696472168,
      152225.47412109375,
      152228.0418548584,
      152233.4740447998,
      152238.40545654297
    ]
  },
  "error": null
}