{
  "config": "brave_spotify_2x",
  "run_id": 7,
  "timestamp": "2026-02-22T23:54:44.554658+00:00",
  "success": true,
  "energy_data": {
    "samples": 184,
    "total_energy_joules": 712.1384,
    "energy_column_used": "CPU_ENERGY (J)",
    "duration_seconds": 91.06,
    "mean_power_watts": 7.8204,
    "raw_power_readings": [
      145310.35565185547,
      145310.3586578369,
      145312.90573120117,
      145318.0846862793,
      145323.53550720215
    ]
  },
  "error": null
}