{
  "config": "brave_spotify_2x",
  "run_id": 25,
  "timestamp": "2026-02-23T00:34:58.335637+00:00",
  "success": true,
  "energy_data": {
    "samples": 184,
    "total_energy_joules": 702.5498,
    "energy_column_used": "CPU_ENERGY (J)",
    "duration_seconds": 91.06,
    "mean_power_watts": 7.7152,
    "raw_power_readings": [
      160742.3204345703,
      160742.3247833252,
      160744.90866088867,
      160750.20556640625,
      160755.20477294922
    ]
  },
  "error": null
}