{
  "config": "brave_spotify_2x",
  "run_id": 19,
  "timestamp": "2026-02-23T00:21:33.774812+00:00",
  "success": true,
  "energy_data": {
    "samples": 184,
    "total_energy_joules": 706.7957,
    "energy_column_used": "CPU_ENERGY (J)",
    "duration_seconds": 91.06,
    "mean_power_watts": 7.7618,
    "raw_power_readings": [
      155635.7568511963,
      155635.76113891602,
      155638.30075073242,
      155643.36503601074,
      155648.90934753418
    ]
  },
  "error": null
}