{
  "config": "brave_spotify_2x",
  "run_id": 0,
  "timestamp": "2026-02-22T23:39:05.734325+00:00",
  "success": true,
  "energy_data": {
    "samples": 184,
    "total_energy_joules": 727.795,
    "energy_column_used": "CPU_ENERGY (J)",
    "duration_seconds": 91.06,
    "mean_power_watts": 7.9926,
    "raw_power_readings": [
      139316.7370300293,
      139316.74012756348,
      139319.11274719238,
      139324.21968078613,
      139329.1623840332
    ]
  },
  "error": null
}