{
  "config": "brave_spotify_2x",
  "run_id": 16,
  "timestamp": "2026-02-23T00:14:51.515859+00:00",
  "success": true,
  "energy_data": {
    "samples": 184,
    "total_energy_joules": 724.0201,
    "energy_column_used": "CPU_ENERGY (J)",
    "duration_seconds": 91.06,
    "mean_power_watts": 7.951,
    "raw_power_readings": [
      153064.4249267578,
      153064.42781066895,
      153066.77796936035,
      153072.0202178955,
      153076.70114135742
    ]
  },
  "error": null
}