{
  "config": "brave_spotify_2x",
  "run_id": 24,
  "timestamp": "2026-02-23T00:32:44.276894+00:00",
  "success": true,
  "energy_data": {
    "samples": 184,
    "total_energy_joules": 723.8166,
    "energy_column_used": "CPU_ENERGY (J)",
    "duration_seconds": 91.06,
    "mean_power_watts": 7.949,
    "raw_power_readings": [
      159879.11489868164,
      159879.11921691895,
      159881.58940124512,
      159886.45321655273,
      159891.87689208984
    ]
  },
  "error": null
}