{
  "config": "brave_spotify_2x",
  "run_id": 21,
  "timestamp": "2026-02-23T00:26:01.979912+00:00",
  "success": true,
  "energy_data": {
    "samples": 184,
    "total_energy_joules": 40.3835,
    "energy_column_used": "CORE0_ENERGY (J)",
    "duration_seconds": 0.0,
    "mean_power_watts": 40383.4839,
    "raw_power_readings": [
      6448.543701171875,
      6448.543716430664,
      6448.633987426758,
      6449.000152587891,
      6449.381210327148
    ]
  },
  "error": null
}