{
  "config": "brave_spotify_2x",
  "run_id": 18,
  "timestamp": "2026-02-23T00:19:19.636847+00:00",
  "success": true,
  "energy_data": {
    "samples": 184,
    "total_energy_joules": 727.1319,
    "energy_column_used": "CPU_ENERGY (J)",
    "duration_seconds": 91.06,
    "mean_power_watts": 7.9855,
    "raw_power_readings": [
      154769.72801208496,
      154769.7311553955,
      154772.44213867188,
      154777.79321289062,
      154782.48764038086
    ]
  },
  "error": null
}