{
  "config": "brave_spotify_2x",
  "run_id": 26,
  "timestamp": "2026-02-23T00:37:12.435610+00:00",
  "success": true,
  "energy_data": {
    "samples": 184,
    "total_energy_joules": 724.9522,
    "energy_column_used": "CPU_ENERGY (J)",
    "duration_seconds": 91.06,
    "mean_power_watts": 7.9612,
    "raw_power_readings": [
      161578.3913421631,
      161578.39514160156,
      161581.33354187012,
      161586.50518798828,
      161591.49645996094
    ]
  },
  "error": null
}