{
  "config": "brave_spotify_2x",
  "run_id": 5,
  "timestamp": "2026-02-22T23:50:16.306732+00:00",
  "success": true,
  "energy_data": {
    "samples": 184,
    "total_energy_joules": 712.6562,
    "energy_column_used": "CPU_ENERGY (J)",
    "duration_seconds": 91.06,
    "mean_power_watts": 7.8258,
    "raw_power_readings": [
      143601.66607666016,
      143601.67070007324,
      143604.50341796875,
      143609.6124420166,
      143615.2159423828
    ]
  },
  "error": null
}