{
  "config": "chrome_spotify_1x",
  "run_id": 5,
  "timestamp": "2026-02-22T20:29:18.913646+00:00",
  "success": true,
  "energy_data": {
    "samples": 184,
    "total_energy_joules": 715.3749,
    "energy_column_used": "CPU_ENERGY (J)",
    "duration_seconds": 91.06,
    "mean_power_watts": 7.8561,
    "raw_power_readings": [
      66709.40251159668,
      66709.40599060059,
      66711.97158813477,
      66717.27665710449,
      66722.6044921875
    ]
  },
  "error": null
}