{
  "config": "chrome_spotify_1x",
  "run_id": 15,
  "timestamp": "2026-02-22T20:51:38.014727+00:00",
  "success": true,
  "energy_data": {
    "samples": 184,
    "total_energy_joules": 726.9797,
    "energy_column_used": "CPU_ENERGY (J)",
    "duration_seconds": 91.06,
    "mean_power_watts": 7.9836,
    "raw_power_readings": [
      75163.09959411621,
      75163.10314941406,
      75165.61842346191,
      75171.00405883789,
      75177.03080749512
    ]
  },
  "error": null
}