{
  "config": "chrome_spotify_1x",
  "run_id": 20,
  "timestamp": "2026-02-22T21:02:47.743699+00:00",
  "success": true,
  "energy_data": {
    "samples": 184,
    "total_energy_joules": 736.5129,
    "energy_column_used": "CPU_ENERGY (J)",
    "duration_seconds": 91.06,
    "mean_power_watts": 8.0881,
    "raw_power_readings": [
      79485.32020568848,
      79485.32418823242,
      79487.78958129883,
      79493.26844787598,
      79498.74385070801
    ]
  },
  "error": null
}