{
  "config": "chrome_spotify_1x",
  "run_id": 13,
  "timestamp": "2026-02-22T20:47:10.152867+00:00",
  "success": true,
  "energy_data": {
    "samples": 184,
    "total_energy_joules": 727.8272,
    "energy_column_used": "CPU_ENERGY (J)",
    "duration_seconds": 91.06,
    "mean_power_watts": 7.9927,
    "raw_power_readings": [
      73453.87648010254,
      73453.88092041016,
      73456.47640991211,
      73461.8943939209,
      73468.15054321289
    ]
  },
  "error": null
}