{
  "config": "chrome_spotify_1x",
  "run_id": 17,
  "timestamp": "2026-02-22T20:56:05.826447+00:00",
  "success": true,
  "energy_data": {
    "samples": 184,
    "total_energy_joules": 727.9743,
    "energy_column_used": "CPU_ENERGY (J)",
    "duration_seconds": 91.06,
    "mean_power_watts": 7.9943,
    "raw_power_readings": [
      76872.89346313477,
      76872.8975982666,
      76875.36766052246,
      76880.29969787598,
      76886.40037536621
    ]
  },
  "error": null
}