{
  "config": "chrome_spotify_1x",
  "run_id": 12,
  "timestamp": "2026-02-22T20:44:56.183493+00:00",
  "success": true,
  "energy_data": {
    "samples": 184,
    "total_energy_joules": 735.1718,
    "energy_column_used": "CPU_ENERGY (J)",
    "duration_seconds": 91.06,
    "mean_power_watts": 8.0737,
    "raw_power_readings": [
      72603.52470397949,
      72603.52900695801,
      72606.10461425781,
      72611.3500366211,
      72616.92100524902
    ]
  },
  "error": null
}