{
  "config": "chrome_spotify_1x",
  "run_id": 16,
  "timestamp": "2026-02-22T20:53:51.951326+00:00",
  "success": true,
  "energy_data": {
    "samples": 184,
    "total_energy_joules": 743.5304,
    "energy_column_used": "CPU_ENERGY (J)",
    "duration_seconds": 91.06,
    "mean_power_watts": 8.1652,
    "raw_power_readings": [
      76007.66198730469,
      76007.67121887207,
      76010.23991394043,
      76015.45718383789,
      76020.8006439209
    ]
  },
  "error": null
}