{
  "config": "chrome_spotify_1x",
  "run_id": 9,
  "timestamp": "2026-02-22T20:38:14.531969+00:00",
  "success": true,
  "energy_data": {
    "samples": 184,
    "total_energy_joules": 727.197,
    "energy_column_used": "CPU_ENERGY (J)",
    "duration_seconds": 91.06,
    "mean_power_watts": 7.986,
    "raw_power_readings": [
      70069.99633789062,
      70070.00079345703,
      70072.65135192871,
      70078.09457397461,
      70083.98001098633
    ]
  },
  "error": null
}