{
  "config": "chrome_spotify_1x",
  "run_id": 16,
  "timestamp": "2026-02-22T20:53:51.951326+00:00",
  "success": true,
  "energy_data": {
    "samples": 184,
    "total_energy_joules": 44.11,
    "energy_column_used": "CORE0_ENERGY (J)",
    "duration_seconds": 0.0,
    "mean_power_watts": 44110.0311,
    "raw_power_readings": [
      2063.897262573242,
      2063.898651123047,
      2063.960159301758,
      2064.366897583008,
      2064.7352905273438
    ]
  },
  "error": null
}