{
  "config": "chrome_spotify_1x",
  "run_id": 7,
  "timestamp": "2026-02-22T20:33:46.650720+00:00",
  "success": true,
  "energy_data": {
    "samples": 184,
    "total_energy_joules": 726.9781,
    "energy_column_used": "CPU_ENERGY (J)",
    "duration_seconds": 91.06,
    "mean_power_watts": 7.9831,
    "raw_power_readings": [
      68380.67199707031,
      68380.67652893066,
      68383.18939208984,
      68388.72996520996,
      68394.40161132812
    ]
  },
  "error": null
}