{
  "config": "chrome_spotify_1x",
  "run_id": 1,
  "timestamp": "2026-02-22T20:20:23.160618+00:00",
  "success": true,
  "energy_data": {
    "samples": 184,
    "total_energy_joules": 708.382,
    "energy_column_used": "CPU_ENERGY (J)",
    "duration_seconds": 91.06,
    "mean_power_watts": 7.7793,
    "raw_power_readings": [
      63394.13368225098,
      63394.13835144043,
      63396.584716796875,
      63401.64530944824,
      63407.537857055664
    ]
  },
  "error": null
}