{
  "config": "chrome_spotify_1x",
  "run_id": 3,
  "timestamp": "2026-02-22T20:24:51.003705+00:00",
  "success": true,
  "energy_data": {
    "samples": 184,
    "total_energy_joules": 710.0421,
    "energy_column_used": "CPU_ENERGY (J)",
    "duration_seconds": 91.06,
    "mean_power_watts": 7.7978,
    "raw_power_readings": [
      65046.87879943848,
      65046.88301086426,
      65048.93507385254,
      65054.10189819336,
      65059.59159851074
    ]
  },
  "error": null
}