{
  "config": "chrome_spotify_1x",
  "run_id": 21,
  "timestamp": "2026-02-22T21:05:01.646719+00:00",
  "success": true,
  "energy_data": {
    "samples": 184,
    "total_energy_joules": 730.1431,
    "energy_column_used": "CPU_ENERGY (J)",
    "duration_seconds": 91.06,
    "mean_power_watts": 8.0182,
    "raw_power_readings": [
      80340.62312316895,
      80340.62776184082,
      80343.19496154785,
      80348.24041748047,
      80354.12124633789
    ]
  },
  "error": null
}