{
  "config": "chrome_spotify_1x",
  "run_id": 28,
  "timestamp": "2026-02-22T21:20:38.982522+00:00",
  "success": true,
  "energy_data": {
    "samples": 184,
    "total_energy_joules": 724.8723,
    "energy_column_used": "CPU_ENERGY (J)",
    "duration_seconds": 91.06,
    "mean_power_watts": 7.9603,
    "raw_power_readings": [
      86407.71089172363,
      86407.71455383301,
      86410.22184753418,
      86415.26664733887,
      86420.8784942627
    ]
  },
  "error": null
}