{
  "config": "chrome_spotify_1x",
  "run_id": 2,
  "timestamp": "2026-02-22T20:22:37.094291+00:00",
  "success": true,
  "energy_data": {
    "samples": 184,
    "total_energy_joules": 721.3325,
    "energy_column_used": "CPU_ENERGY (J)",
    "duration_seconds": 91.06,
    "mean_power_watts": 7.9219,
    "raw_power_readings": [
      64214.585372924805,
      64214.59548950195,
      64217.06379699707,
      64222.57499694824,
      64227.71109008789
    ]
  },
  "error": null
}