{
  "config": "chrome_spotify_1x",
  "run_id": 0,
  "timestamp": "2026-02-22T20:18:09.268012+00:00",
  "success": true,
  "energy_data": {
    "samples": 184,
    "total_energy_joules": 715.1071,
    "energy_column_used": "CPU_ENERGY (J)",
    "duration_seconds": 91.06,
    "mean_power_watts": 7.8535,
    "raw_power_readings": [
      62569.06936645508,
      62569.072036743164,
      62571.31819152832,
      62576.35348510742,
      62581.50395202637
    ]
  },
  "error": null
}