{
  "config": "chrome_spotify_1x",
  "run_id": 26,
  "timestamp": "2026-02-22T21:16:11.209784+00:00",
  "success": true,
  "energy_data": {
    "samples": 184,
    "total_energy_joules": 733.088,
    "energy_column_used": "CPU_ENERGY (J)",
    "duration_seconds": 91.06,
    "mean_power_watts": 8.0505,
    "raw_power_readings": [
      84710.52200317383,
      84710.52645874023,
      84712.99711608887,
      84718.41561889648,
      84723.67367553711
    ]
  },
  "error": null
}