{
  "config": "chrome_spotify_1x",
  "run_id": 23,
  "timestamp": "2026-02-22T21:09:29.503885+00:00",
  "success": true,
  "energy_data": {
    "samples": 184,
    "total_energy_joules": 729.491,
    "energy_column_used": "CPU_ENERGY (J)",
    "duration_seconds": 91.06,
    "mean_power_watts": 8.0113,
    "raw_power_readings": [
      82099.3041381836,
      82099.3117980957,
      82101.99948120117,
      82106.07083129883,
      82110.86210632324
    ]
  },
  "error": null
}