{
  "config": "chrome_spotify_1x",
  "run_id": 22,
  "timestamp": "2026-02-22T21:07:15.626966+00:00",
  "success": true,
  "energy_data": {
    "samples": 184,
    "total_energy_joules": 736.9108,
    "energy_column_used": "CPU_ENERGY (J)",
    "duration_seconds": 91.06,
    "mean_power_watts": 8.0923,
    "raw_power_readings": [
      81187.8256225586,
      81187.82981872559,
      81190.24780273438,
      81195.25050354004,
      81200.66360473633
    ]
  },
  "error": null
}