{
  "config": "chrome_spotify_1x",
  "run_id": 27,
  "timestamp": "2026-02-22T21:18:25.095628+00:00",
  "success": true,
  "energy_data": {
    "samples": 184,
    "total_energy_joules": 42.9686,
    "energy_column_used": "CORE0_ENERGY (J)",
    "duration_seconds": 0.0,
    "mean_power_watts": 42968.5822,
    "raw_power_readings": [
      2585.4632568359375,
      2585.4632720947266,
      2585.5408630371094,
      2585.892623901367,
      2586.321517944336
    ]
  },
  "error": null
}