{
  "config": "chrome_spotify_1x",
  "run_id": 10,
  "timestamp": "2026-02-22T20:40:28.414603+00:00",
  "success": true,
  "energy_data": {
    "samples": 184,
    "total_energy_joules": 733.1776,
    "energy_column_used": "CPU_ENERGY (J)",
    "duration_seconds": 91.06,
    "mean_power_watts": 8.0519,
    "raw_power_readings": [
      70914.72352600098,
      70914.72882080078,
      70917.15655517578,
      70922.56205749512,
      70927.93515014648
    ]
  },
  "error": null
}