{
  "config": "chrome_spotify_1x",
  "run_id": 18,
  "timestamp": "2026-02-22T20:58:19.992156+00:00",
  "success": true,
  "energy_data": {
    "samples": 184,
    "total_energy_joules": 739.7209,
    "energy_column_used": "CPU_ENERGY (J)",
    "duration_seconds": 91.06,
    "mean_power_watts": 8.1239,
    "raw_power_readings": [
      77775.0341796875,
      77775.03968811035,
      77777.59912109375,
      77782.94462585449,
      77788.24417114258
    ]
  },
  "error": null
}