{
  "config": "chrome_spotify_1x",
  "run_id": 8,
  "timestamp": "2026-02-22T20:36:00.596058+00:00",
  "success": true,
  "energy_data": {
    "samples": 184,
    "total_energy_joules": 730.5424,
    "energy_column_used": "CPU_ENERGY (J)",
    "duration_seconds": 91.06,
    "mean_power_watts": 8.0226,
    "raw_power_readings": [
      69224.5404663086,
      69224.5500793457,
      69227.04383850098,
      69232.4460144043,
      69237.88972473145
    ]
  },
  "error": null
}