{
  "config": "chrome_spotify_1x",
  "run_id": 14,
  "timestamp": "2026-02-22T20:49:24.124946+00:00",
  "success": true,
  "energy_data": {
    "samples": 184,
    "total_energy_joules": 742.7852,
    "energy_column_used": "CPU_ENERGY (J)",
    "duration_seconds": 91.05,
    "mean_power_watts": 8.1576,
    "raw_power_readings": [
      74300.59292602539,
      74300.59692382812,
      74302.96838378906,
      74308.32664489746,
      74314.28274536133
    ]
  },
  "error": null
}