{
  "config": "chrome_spotify_1x",
  "run_id": 27,
  "timestamp": "2026-02-22T21:18:25.095628+00:00",
  "success": true,
  "energy_data": {
    "samples": 184,
    "total_energy_joules": 728.6192,
    "energy_column_used": "CPU_ENERGY (J)",
    "duration_seconds": 91.06,
    "mean_power_watts": 8.0015,
    "raw_power_readings": [
      85560.70718383789,
      85560.71096801758,
      85563.34564208984,
      85568.57717895508,
      85574.18907165527
    ]
  },
  "error": null
}