{
  "config": "chrome_spotify_1x",
  "run_id": 15,
  "timestamp": "2026-02-22T20:51:38.014727+00:00",
  "success": true,
  "energy_data": {
    "samples": 184,
    "total_energy_joules": 42.4266,
    "energy_column_used": "CORE0_ENERGY (J)",
    "duration_seconds": 0.0,
    "mean_power_watts": 42426.6052,
    "raw_power_readings": [
      2018.836654663086,
      2018.836669921875,
      2018.910873413086,
      2019.31689453125,
      2019.7410888671875
    ]
  },
  "error": null
}