{
  "config": "chrome_spotify_1x",
  "run_id": 19,
  "timestamp": "2026-02-22T21:00:33.837590+00:00",
  "success": true,
  "energy_data": {
    "samples": 184,
    "total_energy_joules": 732.2575,
    "energy_column_used": "CPU_ENERGY (J)",
    "duration_seconds": 91.06,
    "mean_power_watts": 8.0412,
    "raw_power_readings": [
      78632.3023071289,
      78632.30668640137,
      78634.24417114258,
      78639.08676147461,
      78644.36103820801
    ]
  },
  "error": null
}