{
  "config": "chrome_spotify_1x",
  "run_id": 24,
  "timestamp": "2026-02-22T21:11:43.445537+00:00",
  "success": true,
  "energy_data": {
    "samples": 184,
    "total_energy_joules": 737.2154,
    "energy_column_used": "CPU_ENERGY (J)",
    "duration_seconds": 91.06,
    "mean_power_watts": 8.0962,
    "raw_power_readings": [
      82943.92433166504,
      82943.92742919922,
      82946.44602966309,
      82951.53131103516,
      82956.81939697266
    ]
  },
  "error": null
}