{
  "config": "chrome_spotify_1x",
  "run_id": 4,
  "timestamp": "2026-02-22T20:27:04.943730+00:00",
  "success": true,
  "energy_data": {
    "samples": 184,
    "total_energy_joules": 726.614,
    "energy_column_used": "CPU_ENERGY (J)",
    "duration_seconds": 91.06,
    "mean_power_watts": 7.9796,
    "raw_power_readings": [
      65869.49813842773,
      65869.50282287598,
      65871.97900390625,
      65877.4008178711,
      65882.90628051758
    ]
  },
  "error": null
}