{
  "config": "chrome_spotify_1x",
  "run_id": 14,
  "timestamp": "2026-02-22T20:49:24.124946+00:00",
  "success": true,
  "energy_data": {
    "samples": 184,
    "total_energy_joules": 44.0281,
    "energy_column_used": "CORE0_ENERGY (J)",
    "duration_seconds": 0.0,
    "mean_power_watts": 44028.0914,
    "raw_power_readings": [
      1971.9647064208984,
      1971.9647369384766,
      1972.0213775634766,
      1972.4061889648438,
      1972.8515167236328
    ]
  },
  "error": null
}