{
  "config": "chrome_spotify_1x",
  "run_id": 29,
  "timestamp": "2026-02-22T21:22:52.951915+00:00",
  "success": true,
  "energy_data": {
    "samples": 184,
    "total_energy_joules": 735.5781,
    "energy_column_used": "CPU_ENERGY (J)",
    "duration_seconds": 91.06,
    "mean_power_watts": 8.0779,
    "raw_power_readings": [
      87248.70620727539,
      87248.71566772461,
      87251.12530517578,
      87256.13945007324,
      87261.5048828125
    ]
  },
  "error": null
}