{
  "config": "chrome_spotify_1x",
  "run_id": 20,
  "timestamp": "2026-02-22T21:02:47.743699+00:00",
  "success": true,
  "energy_data": {
    "samples": 184,
    "total_energy_joules": 43.2095,
    "energy_column_used": "CORE0_ENERGY (J)",
    "duration_seconds": 0.0,
    "mean_power_watts": 43209.549,
    "raw_power_readings": [
      2252.7343139648438,
      2252.7343139648438,
      2252.8063201904297,
      2253.175735473633,
      2253.5595092773438
    ]
  },
  "error": null
}