{
  "config": "chrome_spotify_1x",
  "run_id": 25,
  "timestamp": "2026-02-22T21:13:57.351148+00:00",
  "success": true,
  "energy_data": {
    "samples": 184,
    "total_energy_joules": 728.946,
    "energy_column_used": "CPU_ENERGY (J)",
    "duration_seconds": 91.06,
    "mean_power_watts": 8.0052,
    "raw_power_readings": [
      83798.51927185059,
      83798.52278137207,
      83800.79290771484,
      83805.70532226562,
      83811.21185302734
    ]
  },
  "error": null
}