{
  "config": "chrome_spotify_1x",
  "run_id": 11,
  "timestamp": "2026-02-22T20:42:42.331186+00:00",
  "success": true,
  "energy_data": {
    "samples": 184,
    "total_energy_joules": 42.2784,
    "energy_column_used": "CORE0_ENERGY (J)",
    "duration_seconds": 0.0,
    "mean_power_watts": 21139.1907,
    "raw_power_readings": [
      1835.9000396728516,
      1835.900161743164,
      1835.9774322509766,
      1836.3009796142578,
      1836.7332611083984
    ]
  },
  "error": null
}