{
  "config": "chrome_spotify_1x",
  "run_id": 11,
  "timestamp": "2026-02-22T20:42:42.331186+00:00",
  "success": true,
  "energy_data": {
    "samples": 184,
    "total_energy_joules": 723.082,
    "energy_column_used": "CPU_ENERGY (J)",
    "duration_seconds": 91.06,
    "mean_power_watts": 7.941,
    "raw_power_readings": [
      71763.94995117188,
      71763.95428466797,
      71766.48133850098,
      71771.53285217285,
      71777.12434387207
    ]
  },
  "error": null
}