{
  "config": "chrome_spotify_1x",
  "run_id": 10,
  "timestamp": "2026-02-22T20:40:28.414603+00:00",
  "success": true,
  "energy_data": {
    "samples": 184,
    "total_energy_joules": 43.3295,
    "energy_column_used": "CORE0_ENERGY (J)",
    "duration_seconds": 0.0,
    "mean_power_watts": 43329.4678,
    "raw_power_readings": [
      1790.0013732910156,
      1790.0014190673828,
      1790.0836334228516,
      1790.4617156982422,
      1790.8212890625
    ]
  },
  "error": null
}