{
  "config": "chrome_spotify_1x",
  "run_id": 6,
  "timestamp": "2026-02-22T20:31:32.776610+00:00",
  "success": true,
  "energy_data": {
    "samples": 184,
    "total_energy_joules": 726.7988,
    "energy_column_used": "CPU_ENERGY (J)",
    "duration_seconds": 91.07,
    "mean_power_watts": 7.981,
    "raw_power_readings": [
      67538.16535949707,
      67538.16967773438,
      67540.80381774902,
      67546.04200744629,
      67551.76669311523
    ]
  },
  "error": null
}