{
  "config": "chrome_spotify_1x",
  "run_id": 28,
  "timestamp": "2026-02-22T21:20:38.982522+00:00",
  "success": true,
  "energy_data": {
    "samples": 184,
    "total_energy_joules": 42.9455,
    "energy_column_used": "CORE0_ENERGY (J)",
    "duration_seconds": 0.0,
    "mean_power_watts": 42945.5261,
    "raw_power_readings": [
      2631.403854370117,
      2631.4039611816406,
      2631.4601287841797,
      2631.8377075195312,
      2632.257568359375
    ]
  },
  "error": null
}