{
  "config": "brave_apple_1x",
  "run_id": 12,
  "timestamp": "2026-02-24T05:46:49.827358+00:00",
  "success": true,
  "energy_data": {
    "samples": 186,
    "total_energy_joules": 1209.0422,
    "energy_column_used": "PACKAGE_ENERGY (J)",
    "duration_seconds": 0.0,
    "mean_power_watts": 1209042.2363,
    "raw_power_readings": [
      210853.55792236328,
      210853.5743408203,
      210860.93493652344,
      210890.70275878906,
      210921.8173828125
    ]
  },
  "error": null
}