{
  "config": "brave_spotify_1x",
  "run_id": 21,
  "timestamp": "2026-02-22T23:18:59.341343+00:00",
  "success": true,
  "energy_data": {
    "samples": 184,
    "total_energy_joules": 703.5857,
    "energy_column_used": "CPU_ENERGY (J)",
    "duration_seconds": 91.06,
    "mean_power_watts": 7.727,
    "raw_power_readings": [
      131645.46235656738,
      131645.46633911133,
      131648.0034790039,
      131653.16604614258,
      131658.2970275879
    ]
  },
  "error": null
}