{
  "config": "brave_spotify_1x",
  "run_id": 25,
  "timestamp": "2026-02-22T23:27:55.474947+00:00",
  "success": true,
  "energy_data": {
    "samples": 184,
    "total_energy_joules": 704.7721,
    "energy_column_used": "CPU_ENERGY (J)",
    "duration_seconds": 91.06,
    "mean_power_watts": 7.7399,
    "raw_power_readings": [
      135062.92098999023,
      135062.92587280273,
      135065.32055664062,
      135070.6205291748,
      135075.74659729004
    ]
  },
  "error": null
}