{
  "config": "brave_spotify_1x",
  "run_id": 4,
  "timestamp": "2026-02-22T22:41:00.096768+00:00",
  "success": true,
  "energy_data": {
    "samples": 184,
    "total_energy_joules": 726.2647,
    "energy_column_used": "CPU_ENERGY (J)",
    "duration_seconds": 91.06,
    "mean_power_watts": 7.976,
    "raw_power_readings": [
      117143.84362792969,
      117143.84680175781,
      117146.21731567383,
      117151.58528137207,
      117156.72814941406
    ]
  },
  "error": null
}