{
  "config": "brave_spotify_1x",
  "run_id": 28,
  "timestamp": "2026-02-22T23:34:37.692798+00:00",
  "success": true,
  "energy_data": {
    "samples": 184,
    "total_energy_joules": 730.4765,
    "energy_column_used": "CPU_ENERGY (J)",
    "duration_seconds": 91.06,
    "mean_power_watts": 8.0222,
    "raw_power_readings": [
      137615.134765625,
      137615.14555358887,
      137617.6513824463,
      137622.92182922363,
      137628.1794281006
    ]
  },
  "error": null
}