{
  "config": "brave_spotify_1x",
  "run_id": 26,
  "timestamp": "2026-02-22T23:30:09.573762+00:00",
  "success": true,
  "energy_data": {
    "samples": 184,
    "total_energy_joules": 42.817,
    "energy_column_used": "CORE0_ENERGY (J)",
    "duration_seconds": 0.0,
    "mean_power_watts": 42817.0471,
    "raw_power_readings": [
      5299.565826416016,
      5299.566452026367,
      5299.642044067383,
      5300.036697387695,
      5300.405471801758
    ]
  },
  "error": null
}