{
  "config": "brave_spotify_1x",
  "run_id": 13,
  "timestamp": "2026-02-22T23:01:06.810765+00:00",
  "success": true,
  "energy_data": {
    "samples": 184,
    "total_energy_joules": 703.3134,
    "energy_column_used": "CPU_ENERGY (J)",
    "duration_seconds": 91.06,
    "mean_power_watts": 7.7237,
    "raw_power_readings": [
      124833.35037231445,
      124833.35464477539,
      124835.9188079834,
      124841.15368652344,
      124846.6866607666
    ]
  },
  "error": null
}