{
  "config": "brave_spotify_1x",
  "run_id": 8,
  "timestamp": "2026-02-24T01:08:21.268426+00:00",
  "success": true,
  "energy_data": {
    "samples": 184,
    "total_energy_joules": 1121.1171,
    "energy_column_used": "PACKAGE_ENERGY (J)",
    "duration_seconds": 0.0,
    "mean_power_watts": 1121117.1265,
    "raw_power_readings": [
      228786.36328125,
      228786.39129638672,
      228799.06768798828,
      228811.1118774414,
      228823.21911621094
    ]
  },
  "error": null
}