{
  "config": "brave_spotify_1x",
  "run_id": 14,
  "timestamp": "2026-02-22T23:03:20.878413+00:00",
  "success": true,
  "energy_data": {
    "samples": 184,
    "total_energy_joules": 42.1518,
    "energy_column_used": "CORE0_ENERGY (J)",
    "duration_seconds": 0.0,
    "mean_power_watts": 42151.8097,
    "raw_power_readings": [
      4752.291748046875,
      4752.291961669922,
      4752.355743408203,
      4752.761581420898,
      4753.1722412109375
    ]
  },
  "error": null
}