{
  "config": "brave_spotify_1x",
  "run_id": 2,
  "timestamp": "2026-02-22T22:36:31.850380+00:00",
  "success": true,
  "energy_data": {
    "samples": 184,
    "total_energy_joules": 732.1957,
    "energy_column_used": "CPU_ENERGY (J)",
    "duration_seconds": 91.05,
    "mean_power_watts": 8.0414,
    "raw_power_readings": [
      115431.90814208984,
      115431.91255187988,
      115434.56457519531,
      115439.47706604004,
      115444.7543182373
    ]
  },
  "error": null
}