{
  "config": "brave_spotify_1x",
  "run_id": 18,
  "timestamp": "2026-02-22T23:12:17.081863+00:00",
  "success": true,
  "energy_data": {
    "samples": 184,
    "total_energy_joules": 729.3226,
    "energy_column_used": "CPU_ENERGY (J)",
    "duration_seconds": 91.06,
    "mean_power_watts": 8.0094,
    "raw_power_readings": [
      129076.76889038086,
      129076.77740478516,
      129079.28538513184,
      129084.49913024902,
      129089.67361450195
    ]
  },
  "error": null
}