{
  "config": "brave_spotify_1x",
  "run_id": 1,
  "timestamp": "2026-02-22T22:34:17.695054+00:00",
  "success": true,
  "energy_data": {
    "samples": 184,
    "total_energy_joules": 707.0089,
    "energy_column_used": "CPU_ENERGY (J)",
    "duration_seconds": 91.06,
    "mean_power_watts": 7.7642,
    "raw_power_readings": [
      114589.31973266602,
      114589.32308959961,
      114592.33860778809,
      114597.47631835938,
      114603.03059387207
    ]
  },
  "error": null
}