{
  "config": "brave_spotify_1x",
  "run_id": 19,
  "timestamp": "2026-02-22T23:14:31.207580+00:00",
  "success": true,
  "energy_data": {
    "samples": 184,
    "total_energy_joules": 701.5505,
    "energy_column_used": "CPU_ENERGY (J)",
    "duration_seconds": 91.06,
    "mean_power_watts": 7.7042,
    "raw_power_readings": [
      129946.6693572998,
      129946.6721496582,
      129949.32933044434,
      129954.85585021973,
      129960.24639892578
    ]
  },
  "error": null
}