{
  "config": "brave_spotify_1x",
  "run_id": 6,
  "timestamp": "2026-02-22T22:45:28.158885+00:00",
  "success": true,
  "energy_data": {
    "samples": 184,
    "total_energy_joules": 724.8069,
    "energy_column_used": "CPU_ENERGY (J)",
    "duration_seconds": 91.06,
    "mean_power_watts": 7.9596,
    "raw_power_readings": [
      118848.99426269531,
      118848.99812316895,
      118851.44300842285,
      118857.0083770752,
      118862.015625
    ]
  },
  "error": null
}