{
  "config": "brave_spotify_1x",
  "run_id": 9,
  "timestamp": "2026-02-22T22:52:10.457645+00:00",
  "success": true,
  "energy_data": {
    "samples": 184,
    "total_energy_joules": 705.1937,
    "energy_column_used": "CPU_ENERGY (J)",
    "duration_seconds": 91.06,
    "mean_power_watts": 7.7443,
    "raw_power_readings": [
      121422.61488342285,
      121422.61895751953,
      121425.58297729492,
      121430.38063049316,
      121436.04902648926
    ]
  },
  "error": null
}