{
  "config": "brave_spotify_1x",
  "run_id": 23,
  "timestamp": "2026-02-22T23:23:27.463438+00:00",
  "success": true,
  "energy_data": {
    "samples": 184,
    "total_energy_joules": 706.3958,
    "energy_column_used": "CPU_ENERGY (J)",
    "duration_seconds": 91.06,
    "mean_power_watts": 7.7576,
    "raw_power_readings": [
      133349.42449951172,
      133349.4289855957,
      133352.03182983398,
      133357.1844329834,
      133362.6151123047
    ]
  },
  "error": null
}