{
  "config": "brave_spotify_1x",
  "run_id": 3,
  "timestamp": "2026-02-22T22:38:45.993699+00:00",
  "success": true,
  "energy_data": {
    "samples": 184,
    "total_energy_joules": 705.4854,
    "energy_column_used": "CPU_ENERGY (J)",
    "duration_seconds": 91.07,
    "mean_power_watts": 7.747,
    "raw_power_readings": [
      116304.71772766113,
      116304.720703125,
      116307.31378173828,
      116312.73768615723,
      116318.01672363281
    ]
  },
  "error": null
}