{
  "config": "brave_spotify_1x",
  "run_id": 24,
  "timestamp": "2026-02-22T23:25:41.496253+00:00",
  "success": true,
  "energy_data": {
    "samples": 184,
    "total_energy_joules": 731.7346,
    "energy_column_used": "CPU_ENERGY (J)",
    "duration_seconds": 91.05,
    "mean_power_watts": 8.0369,
    "raw_power_readings": [
      134190.2733001709,
      134190.27757263184,
      134192.67807006836,
      134197.88400268555,
      134202.941116333
    ]
  },
  "error": null
}