{
  "config": "brave_spotify_1x",
  "run_id": 4,
  "timestamp": "2026-02-22T22:41:00.096768+00:00",
  "success": true,
  "energy_data": {
    "samples": 184,
    "total_energy_joules": 42.529,
    "energy_column_used": "CORE0_ENERGY (J)",
    "duration_seconds": 0.0,
    "mean_power_watts": 42528.9764,
    "raw_power_readings": [
      4296.870254516602,
      4296.870269775391,
      4296.921005249023,
      4297.376968383789,
      4297.756210327148
    ]
  },
  "error": null
}