{
  "config": "brave_spotify_1x",
  "run_id": 12,
  "timestamp": "2026-02-22T22:58:52.706174+00:00",
  "success": true,
  "energy_data": {
    "samples": 184,
    "total_energy_joules": 729.8263,
    "energy_column_used": "CPU_ENERGY (J)",
    "duration_seconds": 91.06,
    "mean_power_watts": 8.0145,
    "raw_power_readings": [
      123962.50848388672,
      123962.51164245605,
      123965.1432800293,
      123970.37094116211,
      123975.54223632812
    ]
  },
  "error": null
}