{
  "config": "brave_spotify_1x",
  "run_id": 3,
  "timestamp": "2026-02-22T22:38:45.993699+00:00",
  "success": true,
  "energy_data": {
    "samples": 184,
    "total_energy_joules": 39.8806,
    "energy_column_used": "CORE0_ENERGY (J)",
    "duration_seconds": 0.0,
    "mean_power_watts": 39880.6152,
    "raw_power_readings": [
      4252.76513671875,
      4252.765151977539,
      4252.860336303711,
      4253.323959350586,
      4253.701202392578
    ]
  },
  "error": null
}