{
  "config": "brave_spotify_1x",
  "run_id": 14,
  "timestamp": "2026-02-22T23:03:20.878413+00:00",
  "success": true,
  "energy_data": {
    "samples": 184,
    "total_energy_joules": 724.0374,
    "energy_column_used": "CPU_ENERGY (J)",
    "duration_seconds": 91.06,
    "mean_power_watts": 7.9516,
    "raw_power_readings": [
      125670.03587341309,
      125670.04010009766,
      125672.44180297852,
      125677.55070495605,
      125682.95394897461
    ]
  },
  "error": null
}