{
  "config": "brave_spotify_1x",
  "run_id": 16,
  "timestamp": "2026-02-22T23:07:48.919894+00:00",
  "success": true,
  "energy_data": {
    "samples": 184,
    "total_energy_joules": 725.9318,
    "energy_column_used": "CPU_ENERGY (J)",
    "duration_seconds": 91.06,
    "mean_power_watts": 7.9721,
    "raw_power_readings": [
      127373.14442443848,
      127373.14794921875,
      127375.86137390137,
      127381.04675292969,
      127385.95188903809
    ]
  },
  "error": null
}