{
  "config": "brave_spotify_1x",
  "run_id": 27,
  "timestamp": "2026-02-22T23:32:23.664639+00:00",
  "success": true,
  "energy_data": {
    "samples": 184,
    "total_energy_joules": 40.1024,
    "energy_column_used": "CORE0_ENERGY (J)",
    "duration_seconds": 0.0,
    "mean_power_watts": 40102.417,
    "raw_power_readings": [
      5347.361709594727,
      5347.361724853516,
      5347.429992675781,
      5347.82795715332,
      5348.219131469727
    ]
  },
  "error": null
}