{
  "config": "brave_spotify_1x",
  "run_id": 20,
  "timestamp": "2026-02-22T23:16:45.317232+00:00",
  "success": true,
  "energy_data": {
    "samples": 184,
    "total_energy_joules": 42.5295,
    "energy_column_used": "CORE0_ENERGY (J)",
    "duration_seconds": 0.0,
    "mean_power_watts": 21264.7324,
    "raw_power_readings": [
      5025.867874145508,
      5025.867889404297,
      5025.930526733398,
      5026.350021362305,
      5026.723617553711
    ]
  },
  "error": null
}