{
  "config": "brave_spotify_1x",
  "run_id": 0,
  "timestamp": "2026-02-22T22:32:03.612972+00:00",
  "success": true,
  "energy_data": {
    "samples": 184,
    "total_energy_joules": 726.343,
    "energy_column_used": "CPU_ENERGY (J)",
    "duration_seconds": 91.06,
    "mean_power_watts": 7.9768,
    "raw_power_readings": [
      113722.71792602539,
      113722.7208404541,
      113725.1328125,
      113730.29162597656,
      113735.63235473633
    ]
  },
  "error": null
}