{
  "config": "brave_spotify_1x",
  "run_id": 29,
  "timestamp": "2026-02-22T23:36:51.650709+00:00",
  "success": true,
  "energy_data": {
    "samples": 184,
    "total_energy_joules": 702.114,
    "energy_column_used": "CPU_ENERGY (J)",
    "duration_seconds": 91.06,
    "mean_power_watts": 7.7109,
    "raw_power_readings": [
      138480.16163635254,
      138480.16458129883,
      138482.68742370605,
      138488.1770324707,
      138493.70399475098
    ]
  },
  "error": null
}