{
  "config": "brave_spotify_1x",
  "run_id": 15,
  "timestamp": "2026-02-22T23:05:34.897522+00:00",
  "success": true,
  "energy_data": {
    "samples": 184,
    "total_energy_joules": 705.2126,
    "energy_column_used": "CPU_ENERGY (J)",
    "duration_seconds": 91.06,
    "mean_power_watts": 7.7444,
    "raw_power_readings": [
      126534.93769836426,
      126534.94128417969,
      126537.55996704102,
      126542.76560974121,
      126548.31396484375
    ]
  },
  "error": null
}