{
  "config": "brave_spotify_1x",
  "run_id": 20,
  "timestamp": "2026-02-22T23:16:45.317232+00:00",
  "success": true,
  "energy_data": {
    "samples": 184,
    "total_energy_joules": 725.6669,
    "energy_column_used": "CPU_ENERGY (J)",
    "duration_seconds": 91.06,
    "mean_power_watts": 7.9693,
    "raw_power_readings": [
      130780.22317504883,
      130780.22756958008,
      130782.67645263672,
      130787.89176940918,
      130793.15522766113
    ]
  },
  "error": null
}