{
  "config": "brave_spotify_1x",
  "run_id": 10,
  "timestamp": "2026-02-22T22:54:24.524269+00:00",
  "success": true,
  "energy_data": {
    "samples": 184,
    "total_energy_joules": 724.0472,
    "energy_column_used": "CPU_ENERGY (J)",
    "duration_seconds": 91.06,
    "mean_power_watts": 7.9514,
    "raw_power_readings": [
      122261.43969726562,
      122261.44367980957,
      122264.177734375,
      122269.26084899902,
      122274.30838012695
    ]
  },
  "error": null
}