{
  "config": "brave_spotify_1x",
  "run_id": 5,
  "timestamp": "2026-02-22T22:43:14.152332+00:00",
  "success": true,
  "energy_data": {
    "samples": 184,
    "total_energy_joules": 706.7231,
    "energy_column_used": "CPU_ENERGY (J)",
    "duration_seconds": 91.06,
    "mean_power_watts": 7.7611,
    "raw_power_readings": [
      118010.72801208496,
      118010.73219299316,
      118013.51441955566,
      118018.55935668945,
      118024.04858398438
    ]
  },
  "error": null
}