{
  "config": "brave_spotify_1x",
  "run_id": 11,
  "timestamp": "2026-02-22T22:56:38.610515+00:00",
  "success": true,
  "energy_data": {
    "samples": 184,
    "total_energy_joules": 704.0776,
    "energy_column_used": "CPU_ENERGY (J)",
    "duration_seconds": 91.06,
    "mean_power_watts": 7.7319,
    "raw_power_readings": [
      123124.58993530273,
      123124.59762573242,
      123127.43942260742,
      123132.48205566406,
      123137.8744354248
    ]
  },
  "error": null
}