{
  "config": "brave_spotify_1x",
  "run_id": 7,
  "timestamp": "2026-02-22T22:47:42.178680+00:00",
  "success": true,
  "energy_data": {
    "samples": 184,
    "total_energy_joules": 707.0896,
    "energy_column_used": "CPU_ENERGY (J)",
    "duration_seconds": 91.06,
    "mean_power_watts": 7.7649,
    "raw_power_readings": [
      119713.95463562012,
      119713.9588470459,
      119716.48672485352,
      119721.9483795166,
      119727.06427001953
    ]
  },
  "error": null
}