{
  "config": "brave_spotify_1x",
  "run_id": 26,
  "timestamp": "2026-02-22T23:30:09.573762+00:00",
  "success": true,
  "energy_data": {
    "samples": 184,
    "total_energy_joules": 730.4985,
    "energy_column_used": "CPU_ENERGY (J)",
    "duration_seconds": 91.06,
    "mean_power_watts": 8.0223,
    "raw_power_readings": [
      135902.82525634766,
      135902.8299407959,
      135905.29307556152,
      135910.7848968506,
      135915.82415771484
    ]
  },
  "error": null
}