{
  "config": "brave_spotify_1x",
  "run_id": 22,
  "timestamp": "2026-02-22T23:21:13.442524+00:00",
  "success": true,
  "energy_data": {
    "samples": 184,
    "total_energy_joules": 727.2113,
    "energy_column_used": "CPU_ENERGY (J)",
    "duration_seconds": 91.06,
    "mean_power_watts": 7.9861,
    "raw_power_readings": [
      132481.6152496338,
      132481.6229248047,
      132484.0492401123,
      132489.41317749023,
      132494.8702545166
    ]
  },
  "error": null
}