{
  "config": "brave_spotify_1x",
  "run_id": 8,
  "timestamp": "2026-02-22T22:49:56.317885+00:00",
  "success": true,
  "energy_data": {
    "samples": 184,
    "total_energy_joules": 728.5128,
    "energy_column_used": "CPU_ENERGY (J)",
    "duration_seconds": 91.07,
    "mean_power_watts": 7.9997,
    "raw_power_readings": [
      120553.96464538574,
      120553.97482299805,
      120556.4439239502,
      120561.89579772949,
      120566.91709899902
    ]
  },
  "error": null
}