{
  "config": "brave_spotify_1x",
  "run_id": 27,
  "timestamp": "2026-02-22T23:32:23.664639+00:00",
  "success": true,
  "energy_data": {
    "samples": 184,
    "total_energy_joules": 706.4373,
    "energy_column_used": "CPU_ENERGY (J)",
    "duration_seconds": 91.06,
    "mean_power_watts": 7.7583,
    "raw_power_readings": [
      136774.86311340332,
      136774.8696899414,
      136777.3890991211,
      136782.86553955078,
      136788.58445739746
    ]
  },
  "error": null
}