{
  "config": "brave_spotify_1x",
  "run_id": 17,
  "timestamp": "2026-02-22T23:10:03.012484+00:00",
  "success": true,
  "energy_data": {
    "samples": 184,
    "total_energy_joules": 704.8782,
    "energy_column_used": "CPU_ENERGY (J)",
    "duration_seconds": 91.06,
    "mean_power_watts": 7.7406,
    "raw_power_readings": [
      128238.88565063477,
      128238.89012145996,
      128241.23504638672,
      128246.52604675293,
      128252.0717163086
    ]
  },
  "error": null
}