{
  "config": "chrome_spotify_2x",
  "run_id": 29,
  "timestamp": "2026-02-22T22:29:49.777386+00:00",
  "success": true,
  "energy_data": {
    "samples": 184,
    "total_energy_joules": 735.5065,
    "energy_column_used": "CPU_ENERGY (J)",
    "duration_seconds": 91.07,
    "mean_power_watts": 8.0765,
    "raw_power_readings": [
      112852.51205444336,
      112852.52700805664,
      112855.0598449707,
      112860.42399597168,
      112865.79609680176
    ]
  },
  "error": null
}