{
  "config": "chrome_spotify_2x",
  "run_id": 25,
  "timestamp": "2026-02-22T22:20:54.019775+00:00",
  "success": true,
  "energy_data": {
    "samples": 184,
    "total_energy_joules": 726.2744,
    "energy_column_used": "CPU_ENERGY (J)",
    "duration_seconds": 91.06,
    "mean_power_watts": 7.9757,
    "raw_power_readings": [
      109464.72143554688,
      109464.72416687012,
      109467.28123474121,
      109472.55308532715,
      109478.08250427246
    ]
  },
  "error": null
}