{
  "config": "chrome_spotify_2x",
  "run_id": 4,
  "timestamp": "2026-02-22T21:34:02.374975+00:00",
  "success": true,
  "energy_data": {
    "samples": 184,
    "total_energy_joules": 736.6535,
    "energy_column_used": "CPU_ENERGY (J)",
    "duration_seconds": 91.06,
    "mean_power_watts": 8.0898,
    "raw_power_readings": [
      91532.61976623535,
      91532.63160705566,
      91535.03512573242,
      91540.30859375,
      91545.48248291016
    ]
  },
  "error": null
}