{
  "config": "chrome_spotify_2x",
  "run_id": 7,
  "timestamp": "2026-02-22T21:40:44.136657+00:00",
  "success": true,
  "energy_data": {
    "samples": 184,
    "total_energy_joules": 729.9023,
    "energy_column_used": "CPU_ENERGY (J)",
    "duration_seconds": 91.06,
    "mean_power_watts": 8.0154,
    "raw_power_readings": [
      94091.09121704102,
      94091.09428405762,
      94093.4642791748,
      94098.52185058594,
      94104.66828918457
    ]
  },
  "error": null
}