{
  "config": "chrome_spotify_2x",
  "run_id": 11,
  "timestamp": "2026-02-22T21:49:39.531191+00:00",
  "success": true,
  "energy_data": {
    "samples": 184,
    "total_energy_joules": 42.7889,
    "energy_column_used": "CORE0_ENERGY (J)",
    "duration_seconds": 0.0,
    "mean_power_watts": 42788.8947,
    "raw_power_readings": [
      3234.2252349853516,
      3234.2252502441406,
      3234.300338745117,
      3234.6834716796875,
      3235.1343383789062
    ]
  },
  "error": null
}