{
  "config": "chrome_spotify_2x",
  "run_id": 15,
  "timestamp": "2026-02-22T21:58:35.118798+00:00",
  "success": true,
  "energy_data": {
    "samples": 184,
    "total_energy_joules": 43.0265,
    "energy_column_used": "CORE0_ENERGY (J)",
    "duration_seconds": 0.0,
    "mean_power_watts": 43026.474,
    "raw_power_readings": [
      3417.679885864258,
      3417.679962158203,
      3417.725799560547,
      3418.040740966797,
      3418.4277954101562
    ]
  },
  "error": null
}