{
  "config": "chrome_spotify_2x",
  "run_id": 12,
  "timestamp": "2026-02-22T21:51:53.376302+00:00",
  "success": true,
  "energy_data": {
    "samples": 184,
    "total_energy_joules": 739.5328,
    "energy_column_used": "CPU_ENERGY (J)",
    "duration_seconds": 91.06,
    "mean_power_watts": 8.1214,
    "raw_power_readings": [
      98335.44094848633,
      98335.44094848633,
      98337.9084777832,
      98343.31211853027,
      98348.77598571777
    ]
  },
  "error": null
}