{
  "config": "chrome_spotify_2x",
  "run_id": 28,
  "timestamp": "2026-02-22T22:27:35.894064+00:00",
  "success": true,
  "energy_data": {
    "samples": 184,
    "total_energy_joules": 734.5719,
    "energy_column_used": "CPU_ENERGY (J)",
    "duration_seconds": 91.06,
    "mean_power_watts": 8.0672,
    "raw_power_readings": [
      112002.66735839844,
      112002.67181396484,
      112005.32511901855,
      112010.39726257324,
      112016.15702819824
    ]
  },
  "error": null
}