{
  "config": "chrome_spotify_2x",
  "run_id": 5,
  "timestamp": "2026-02-22T21:36:16.348401+00:00",
  "success": true,
  "energy_data": {
    "samples": 184,
    "total_energy_joules": 729.1739,
    "energy_column_used": "CPU_ENERGY (J)",
    "duration_seconds": 91.06,
    "mean_power_watts": 8.0075,
    "raw_power_readings": [
      92387.89901733398,
      92387.90199279785,
      92390.48170471191,
      92395.59393310547,
      92401.44026184082
    ]
  },
  "error": null
}