{
  "config": "chrome_spotify_2x",
  "run_id": 26,
  "timestamp": "2026-02-22T22:23:07.933677+00:00",
  "success": true,
  "energy_data": {
    "samples": 184,
    "total_energy_joules": 735.0322,
    "energy_column_used": "CPU_ENERGY (J)",
    "duration_seconds": 91.06,
    "mean_power_watts": 8.072,
    "raw_power_readings": [
      110307.08781433105,
      110307.09323120117,
      110309.86225891113,
      110314.95048522949,
      110320.83546447754
    ]
  },
  "error": null
}