{
  "config": "chrome_spotify_2x",
  "run_id": 21,
  "timestamp": "2026-02-22T22:11:58.481708+00:00",
  "success": true,
  "energy_data": {
    "samples": 184,
    "total_energy_joules": 723.9706,
    "energy_column_used": "CPU_ENERGY (J)",
    "duration_seconds": 91.06,
    "mean_power_watts": 7.9506,
    "raw_power_readings": [
      106077.08995056152,
      106077.09440612793,
      106079.53768920898,
      106084.4935760498,
      106090.57020568848
    ]
  },
  "error": null
}