{
  "config": "chrome_spotify_2x",
  "run_id": 11,
  "timestamp": "2026-02-22T21:49:39.531191+00:00",
  "success": true,
  "energy_data": {
    "samples": 184,
    "total_energy_joules": 731.355,
    "energy_column_used": "CPU_ENERGY (J)",
    "duration_seconds": 91.06,
    "mean_power_watts": 8.0318,
    "raw_power_readings": [
      97486.8881072998,
      97486.8910522461,
      97489.39239501953,
      97494.6342010498,
      97500.50137329102
    ]
  },
  "error": null
}