{
  "config": "chrome_spotify_2x",
  "run_id": 1,
  "timestamp": "2026-02-22T21:27:20.729446+00:00",
  "success": true,
  "energy_data": {
    "samples": 184,
    "total_energy_joules": 728.397,
    "energy_column_used": "CPU_ENERGY (J)",
    "duration_seconds": 91.06,
    "mean_power_watts": 7.9992,
    "raw_power_readings": [
      89013.14822387695,
      89013.1522064209,
      89015.56954956055,
      89020.93418884277,
      89026.49836730957
    ]
  },
  "error": null
}