{
  "config": "chrome_spotify_2x",
  "run_id": 10,
  "timestamp": "2026-02-22T21:47:25.682029+00:00",
  "success": true,
  "energy_data": {
    "samples": 184,
    "total_energy_joules": 734.9399,
    "energy_column_used": "CPU_ENERGY (J)",
    "duration_seconds": 91.06,
    "mean_power_watts": 8.0714,
    "raw_power_readings": [
      96634.19700622559,
      96634.20036315918,
      96636.7103729248,
      96641.97283935547,
      96647.91778564453
    ]
  },
  "error": null
}