{
  "config": "chrome_spotify_2x",
  "run_id": 27,
  "timestamp": "2026-02-22T22:25:21.933957+00:00",
  "success": true,
  "energy_data": {
    "samples": 184,
    "total_energy_joules": 729.7684,
    "energy_column_used": "CPU_ENERGY (J)",
    "duration_seconds": 91.06,
    "mean_power_watts": 8.0142,
    "raw_power_readings": [
      111157.44337463379,
      111157.45251464844,
      111159.86715698242,
      111164.9348449707,
      111170.71350097656
    ]
  },
  "error": null
}