{
  "config": "chrome_spotify_2x",
  "run_id": 23,
  "timestamp": "2026-02-22T22:16:26.250292+00:00",
  "success": true,
  "energy_data": {
    "samples": 184,
    "total_energy_joules": 731.0379,
    "energy_column_used": "CPU_ENERGY (J)",
    "duration_seconds": 91.06,
    "mean_power_watts": 8.028,
    "raw_power_readings": [
      107771.96862792969,
      107771.98071289062,
      107774.62278747559,
      107780.02931213379,
      107785.9740600586
    ]
  },
  "error": null
}