{
  "config": "chrome_spotify_2x",
  "run_id": 19,
  "timestamp": "2026-02-22T22:07:30.763897+00:00",
  "success": true,
  "energy_data": {
    "samples": 184,
    "total_energy_joules": 733.4861,
    "energy_column_used": "CPU_ENERGY (J)",
    "duration_seconds": 91.06,
    "mean_power_watts": 8.0552,
    "raw_power_readings": [
      104373.49067687988,
      104373.49905395508,
      104376.02648925781,
      104381.03758239746,
      104386.7258605957
    ]
  },
  "error": null
}