{
  "config": "chrome_spotify_2x",
  "run_id": 8,
  "timestamp": "2026-02-22T21:42:57.961270+00:00",
  "success": true,
  "energy_data": {
    "samples": 184,
    "total_energy_joules": 738.7565,
    "energy_column_used": "CPU_ENERGY (J)",
    "duration_seconds": 91.06,
    "mean_power_watts": 8.1132,
    "raw_power_readings": [
      94936.02613830566,
      94936.02912902832,
      94938.48359680176,
      94943.92254638672,
      94949.33448791504
    ]
  },
  "error": null
}