{
  "config": "chrome_spotify_2x",
  "run_id": 0,
  "timestamp": "2026-02-22T21:25:06.896429+00:00",
  "success": true,
  "energy_data": {
    "samples": 184,
    "total_energy_joules": 43.379,
    "energy_column_used": "CORE0_ENERGY (J)",
    "duration_seconds": 0.0,
    "mean_power_watts": 43378.9825,
    "raw_power_readings": [
      2729.0113220214844,
      2729.011993408203,
      2729.057342529297,
      2729.4068145751953,
      2729.8320922851562
    ]
  },
  "error": null
}