{
  "config": "chrome_spotify_2x",
  "run_id": 27,
  "timestamp": "2026-02-22T22:25:21.933957+00:00",
  "success": true,
  "energy_data": {
    "samples": 184,
    "total_energy_joules": 42.9229,
    "energy_column_used": "CORE0_ENERGY (J)",
    "duration_seconds": 0.0,
    "mean_power_watts": 42922.8668,
    "raw_power_readings": [
      3975.7093811035156,
      3975.710739135742,
      3975.7886352539062,
      3976.2022857666016,
      3976.63525390625
    ]
  },
  "error": null
}