{
  "config": "chrome_spotify_2x",
  "run_id": 15,
  "timestamp": "2026-02-22T21:58:35.118798+00:00",
  "success": true,
  "energy_data": {
    "samples": 184,
    "total_energy_joules": 732.3414,
    "energy_column_used": "CPU_ENERGY (J)",
    "duration_seconds": 91.05,
    "mean_power_watts": 8.0429,
    "raw_power_readings": [
      100896.37756347656,
      100896.38104248047,
      100898.85345458984,
      100903.77696228027,
      100909.39939880371
    ]
  },
  "error": null
}