{
  "config": "chrome_spotify_2x",
  "run_id": 14,
  "timestamp": "2026-02-22T21:56:21.243759+00:00",
  "success": true,
  "energy_data": {
    "samples": 184,
    "total_energy_joules": 737.8194,
    "energy_column_used": "CPU_ENERGY (J)",
    "duration_seconds": 91.06,
    "mean_power_watts": 8.1029,
    "raw_power_readings": [
      100040.61912536621,
      100040.6226348877,
      100042.97036743164,
      100048.4393157959,
      100053.93505859375
    ]
  },
  "error": null
}