{
  "config": "chrome_spotify_2x",
  "run_id": 6,
  "timestamp": "2026-02-22T21:38:30.241735+00:00",
  "success": true,
  "energy_data": {
    "samples": 184,
    "total_energy_joules": 737.4665,
    "energy_column_used": "CPU_ENERGY (J)",
    "duration_seconds": 91.06,
    "mean_power_watts": 8.0983,
    "raw_power_readings": [
      93236.55177307129,
      93236.55596923828,
      93239.02116394043,
      93244.39707946777,
      93250.01582336426
    ]
  },
  "error": null
}