{
  "config": "chrome_spotify_2x",
  "run_id": 17,
  "timestamp": "2026-02-22T22:03:02.953650+00:00",
  "success": true,
  "energy_data": {
    "samples": 184,
    "total_energy_joules": 729.0115,
    "energy_column_used": "CPU_ENERGY (J)",
    "duration_seconds": 91.06,
    "mean_power_watts": 8.0061,
    "raw_power_readings": [
      102595.7319946289,
      102595.73561096191,
      102598.24754333496,
      102603.4300994873,
      102609.12646484375
    ]
  },
  "error": null
}