{
  "config": "chrome_spotify_2x",
  "run_id": 18,
  "timestamp": "2026-02-22T22:05:16.867963+00:00",
  "success": true,
  "energy_data": {
    "samples": 184,
    "total_energy_joules": 741.0204,
    "energy_column_used": "CPU_ENERGY (J)",
    "duration_seconds": 91.06,
    "mean_power_watts": 8.1381,
    "raw_power_readings": [
      103443.83865356445,
      103443.84185791016,
      103446.33285522461,
      103451.72052001953,
      103457.5414428711
    ]
  },
  "error": null
}