{
  "config": "chrome_spotify_2x",
  "run_id": 24,
  "timestamp": "2026-02-22T22:18:40.068865+00:00",
  "success": true,
  "energy_data": {
    "samples": 184,
    "total_energy_joules": 733.4501,
    "energy_column_used": "CPU_ENERGY (J)",
    "duration_seconds": 91.06,
    "mean_power_watts": 8.0544,
    "raw_power_readings": [
      108618.61262512207,
      108618.61703491211,
      108621.17373657227,
      108626.63232421875,
      108632.36660766602
    ]
  },
  "error": null
}