{
  "config": "chrome_spotify_2x",
  "run_id": 2,
  "timestamp": "2026-02-22T21:29:34.668348+00:00",
  "success": true,
  "energy_data": {
    "samples": 184,
    "total_energy_joules": 720.8971,
    "energy_column_used": "CPU_ENERGY (J)",
    "duration_seconds": 91.06,
    "mean_power_watts": 7.9168,
    "raw_power_readings": [
      89857.45776367188,
      89857.46160888672,
      89859.90545654297,
      89865.18388366699,
      89870.98568725586
    ]
  },
  "error": null
}