{
  "config": "chrome_spotify_2x",
  "run_id": 22,
  "timestamp": "2026-02-22T22:14:12.351749+00:00",
  "success": true,
  "energy_data": {
    "samples": 184,
    "total_energy_joules": 738.6903,
    "energy_column_used": "CPU_ENERGY (J)",
    "duration_seconds": 91.06,
    "mean_power_watts": 8.1119,
    "raw_power_readings": [
      106916.98944091797,
      106916.9963684082,
      106919.50405883789,
      106924.82737731934,
      106930.4044342041
    ]
  },
  "error": null
}