{
  "config": "chrome_spotify_2x",
  "run_id": 0,
  "timestamp": "2026-02-22T21:25:06.896429+00:00",
  "success": true,
  "energy_data": {
    "samples": 184,
    "total_energy_joules": 730.7791,
    "energy_column_used": "CPU_ENERGY (J)",
    "duration_seconds": 91.06,
    "mean_power_watts": 8.0254,
    "raw_power_readings": [
      88168.75224304199,
      88168.75622558594,
      88171.25444030762,
      88176.44041442871,
      88182.57984924316
    ]
  },
  "error": null
}