{
  "config": "chrome_spotify_2x",
  "run_id": 13,
  "timestamp": "2026-02-22T21:54:07.293850+00:00",
  "success": true,
  "energy_data": {
    "samples": 184,
    "total_energy_joules": 728.6515,
    "energy_column_used": "CPU_ENERGY (J)",
    "duration_seconds": 91.06,
    "mean_power_watts": 8.0021,
    "raw_power_readings": [
      99193.72543334961,
      99193.72941589355,
      99196.17823791504,
      99201.28189086914,
      99207.11743164062
    ]
  },
  "error": null
}