{
  "config": "chrome_spotify_2x",
  "run_id": 9,
  "timestamp": "2026-02-22T21:45:11.855156+00:00",
  "success": true,
  "energy_data": {
    "samples": 184,
    "total_energy_joules": 727.3044,
    "energy_column_used": "CPU_ENERGY (J)",
    "duration_seconds": 91.06,
    "mean_power_watts": 7.9868,
    "raw_power_readings": [
      95791.54066467285,
      95791.5444946289,
      95794.1001739502,
      95799.29209899902,
      95805.10527038574
    ]
  },
  "error": null
}