{
  "config": "chrome_spotify_2x",
  "run_id": 3,
  "timestamp": "2026-02-22T21:31:48.503273+00:00",
  "success": true,
  "energy_data": {
    "samples": 184,
    "total_energy_joules": 722.0387,
    "energy_column_used": "CPU_ENERGY (J)",
    "duration_seconds": 91.05,
    "mean_power_watts": 7.9299,
    "raw_power_readings": [
      90693.60757446289,
      90693.61668395996,
      90695.9702911377,
      90701.15635681152,
      90706.78637695312
    ]
  },
  "error": null
}