{
  "config": "chrome_spotify_2x",
  "run_id": 20,
  "timestamp": "2026-02-24T00:29:15.833830+00:00",
  "success": true,
  "energy_data": {
    "samples": 184,
    "total_energy_joules": 1671.9558,
    "energy_column_used": "PACKAGE_ENERGY (J)",
    "duration_seconds": 0.0,
    "mean_power_watts": 1671955.8105,
    "raw_power_readings": [
      187958.03216552734,
      187958.06036376953,
      187970.2880859375,
      187982.81665039062,
      187995.39141845703
    ]
  },
  "error": null
}