{
  "config": "chrome_spotify_2x",
  "run_id": 16,
  "timestamp": "2026-02-22T22:00:49.035413+00:00",
  "success": true,
  "energy_data": {
    "samples": 184,
    "total_energy_joules": 734.4066,
    "energy_column_used": "CPU_ENERGY (J)",
    "duration_seconds": 91.06,
    "mean_power_watts": 8.0654,
    "raw_power_readings": [
      101745.33729553223,
      101745.34104919434,
      101747.77558898926,
      101752.86929321289,
      101758.09400939941
    ]
  },
  "error": null
}