{
  "config": "chrome_spotify_2x",
  "run_id": 20,
  "timestamp": "2026-02-22T22:09:44.661252+00:00",
  "success": true,
  "energy_data": {
    "samples": 184,
    "total_energy_joules": 736.8286,
    "energy_column_used": "CPU_ENERGY (J)",
    "duration_seconds": 91.06,
    "mean_power_watts": 8.0919,
    "raw_power_readings": [
      105223.46278381348,
      105223.47218322754,
      105226.0601348877,
      105231.33581542969,
      105236.7370300293
    ]
  },
  "error": null
}