{
  "config": "chrome_spotify_2x",
  "run_id": 16,
  "timestamp": "2026-02-22T22:00:49.035413+00:00",
  "success": true,
  "energy_data": {
    "samples": 184,
    "total_energy_joules": 43.4843,
    "energy_column_used": "CORE0_ENERGY (J)",
    "duration_seconds": 0.0,
    "mean_power_watts": 43484.2987,
    "raw_power_readings": [
      3463.4362182617188,
      3463.436233520508,
      3463.4757232666016,
      3463.7970123291016,
      3464.1807861328125
    ]
  },
  "error": null
}