{
  "config": "chrome_apple_1x",
  "run_id": 20,
  "timestamp": "2026-02-23T01:30:58.178787+00:00",
  "success": true,
  "energy_data": {
    "samples": 186,
    "total_energy_joules": 297.5261,
    "energy_column_used": "CPU_ENERGY (J)",
    "duration_seconds": 92.08,
    "mean_power_watts": 3.2312,
    "raw_power_readings": [
      172993.41271972656,
      172993.417678833,
      172995.74165344238,
      172999.3124847412,
      173005.24186706543
    ]
  },
  "error": null
}