{
  "config": "chrome_apple_1x",
  "run_id": 0,
  "timestamp": "2026-02-23T00:46:08.695335+00:00",
  "success": true,
  "energy_data": {
    "samples": 187,
    "total_energy_joules": 323.0305,
    "energy_column_used": "CPU_ENERGY (J)",
    "duration_seconds": 92.58,
    "mean_power_watts": 3.4891,
    "raw_power_readings": [
      164941.60346984863,
      164941.60858154297,
      164943.90322875977,
      164946.5203857422,
      164951.25733947754
    ]
  },
  "error": null
}