{
  "config": "chrome_apple_1x",
  "run_id": 6,
  "timestamp": "2026-02-23T00:59:36.613758+00:00",
  "success": true,
  "energy_data": {
    "samples": 186,
    "total_energy_joules": 5.742,
    "energy_column_used": "CORE0_ENERGY (J)",
    "duration_seconds": 0.0,
    "mean_power_watts": 5741.9891,
    "raw_power_readings": [
      6900.71257019043,
      6900.712585449219,
      6900.774139404297,
      6900.990539550781,
      6901.47802734375
    ]
  },
  "error": null
}