{
  "config": "chrome_apple_1x",
  "run_id": 2,
  "timestamp": "2026-02-23T00:50:38.330732+00:00",
  "success": true,
  "energy_data": {
    "samples": 186,
    "total_energy_joules": 307.3875,
    "energy_column_used": "CPU_ENERGY (J)",
    "duration_seconds": 92.08,
    "mean_power_watts": 3.3383,
    "raw_power_readings": [
      165780.20669555664,
      165780.21292114258,
      165782.39601135254,
      165786.13638305664,
      165792.06300354004
    ]
  },
  "error": null
}