{
  "config": "chrome_apple_1x",
  "run_id": 23,
  "timestamp": "2026-02-23T01:37:40.865795+00:00",
  "success": true,
  "energy_data": {
    "samples": 186,
    "total_energy_joules": 6.2403,
    "energy_column_used": "CORE0_ENERGY (J)",
    "duration_seconds": 0.0,
    "mean_power_watts": 6240.3412,
    "raw_power_readings": [
      7026.441375732422,
      7026.441421508789,
      7026.479919433594,
      7026.688491821289,
      7027.2099609375
    ]
  },
  "error": null
}