{
  "config": "chrome_apple_1x",
  "run_id": 9,
  "timestamp": "2026-02-23T01:06:19.971697+00:00",
  "success": true,
  "energy_data": {
    "samples": 186,
    "total_energy_joules": 6.1178,
    "energy_column_used": "CORE0_ENERGY (J)",
    "duration_seconds": 0.0,
    "mean_power_watts": 6117.8284,
    "raw_power_readings": [
      6923.149124145508,
      6923.149215698242,
      6923.177642822266,
      6923.370941162109,
      6923.819641113281
    ]
  },
  "error": null
}