{
  "config": "chrome_apple_1x",
  "run_id": 20,
  "timestamp": "2026-02-23T01:30:58.178787+00:00",
  "success": true,
  "energy_data": {
    "samples": 186,
    "total_energy_joules": 5.6119,
    "energy_column_used": "CORE0_ENERGY (J)",
    "duration_seconds": 0.0,
    "mean_power_watts": 5611.8622,
    "raw_power_readings": [
      7004.755035400391,
      7004.755111694336,
      7004.7867431640625,
      7004.958633422852,
      7005.471771240234
    ]
  },
  "error": null
}