{
  "config": "chrome_apple_1x",
  "run_id": 26,
  "timestamp": "2026-02-23T01:44:24.607947+00:00",
  "success": true,
  "energy_data": {
    "samples": 186,
    "total_energy_joules": 298.8232,
    "energy_column_used": "CPU_ENERGY (J)",
    "duration_seconds": 92.08,
    "mean_power_watts": 3.2453,
    "raw_power_readings": [
      175364.84921264648,
      175364.85577392578,
      175367.18550109863,
      175370.42643737793,
      175375.92979431152
    ]
  },
  "error": null
}