{
  "config": "chrome_apple_1x",
  "run_id": 10,
  "timestamp": "2026-02-23T01:08:34.600510+00:00",
  "success": true,
  "energy_data": {
    "samples": 186,
    "total_energy_joules": 5.6559,
    "energy_column_used": "CORE0_ENERGY (J)",
    "duration_seconds": 0.0,
    "mean_power_watts": 5655.899,
    "raw_power_readings": [
      6930.557968139648,
      6930.558242797852,
      6930.597274780273,
      6930.78385925293,
      6931.285537719727
    ]
  },
  "error": null
}