{
  "config": "chrome_apple_1x",
  "run_id": 19,
  "timestamp": "2026-02-23T01:28:43.854018+00:00",
  "success": true,
  "energy_data": {
    "samples": 186,
    "total_energy_joules": 6.1115,
    "energy_column_used": "CORE0_ENERGY (J)",
    "duration_seconds": 0.0,
    "mean_power_watts": 6111.496,
    "raw_power_readings": [
      6997.061492919922,
      6997.061569213867,
      6997.106750488281,
      6997.300247192383,
      6997.76008605957
    ]
  },
  "error": null
}