{
  "config": "chrome_apple_1x",
  "run_id": 21,
  "timestamp": "2026-02-23T01:33:12.456698+00:00",
  "success": true,
  "energy_data": {
    "samples": 186,
    "total_energy_joules": 302.1036,
    "energy_column_used": "CPU_ENERGY (J)",
    "duration_seconds": 92.08,
    "mean_power_watts": 3.2808,
    "raw_power_readings": [
      173384.61225891113,
      173384.6169281006,
      173386.83099365234,
      173390.3678741455,
      173396.1575012207
    ]
  },
  "error": null
}