{
  "config": "chrome_apple_1x",
  "run_id": 22,
  "timestamp": "2026-02-23T01:35:26.553686+00:00",
  "success": true,
  "energy_data": {
    "samples": 186,
    "total_energy_joules": 292.8085,
    "energy_column_used": "CPU_ENERGY (J)",
    "duration_seconds": 92.07,
    "mean_power_watts": 3.1802,
    "raw_power_readings": [
      173780.19009399414,
      173780.2038269043,
      173782.50006103516,
      173786.22784423828,
      173791.93811035156
    ]
  },
  "error": null
}