{
  "config": "chrome_apple_1x",
  "run_id": 25,
  "timestamp": "2026-02-23T01:42:10.193429+00:00",
  "success": true,
  "energy_data": {
    "samples": 186,
    "total_energy_joules": 304.2598,
    "energy_column_used": "CPU_ENERGY (J)",
    "duration_seconds": 92.09,
    "mean_power_watts": 3.3041,
    "raw_power_readings": [
      174963.77893066406,
      174963.7840423584,
      174966.03620910645,
      174969.30181884766,
      174975.01957702637
    ]
  },
  "error": null
}