{
  "config": "chrome_apple_1x",
  "run_id": 21,
  "timestamp": "2026-02-23T01:33:12.456698+00:00",
  "success": true,
  "energy_data": {
    "samples": 186,
    "total_energy_joules": 5.9513,
    "energy_column_used": "CORE0_ENERGY (J)",
    "duration_seconds": 0.0,
    "mean_power_watts": 5951.2787,
    "raw_power_readings": [
      7011.813446044922,
      7011.8134765625,
      7011.844879150391,
      7012.025360107422,
      7012.513107299805
    ]
  },
  "error": null
}