{
  "config": "chrome_apple_1x",
  "run_id": 14,
  "timestamp": "2026-02-23T01:17:31.430482+00:00",
  "success": true,
  "energy_data": {
    "samples": 186,
    "total_energy_joules": 298.2391,
    "energy_column_used": "CPU_ENERGY (J)",
    "duration_seconds": 92.08,
    "mean_power_watts": 3.239,
    "raw_power_readings": [
      170595.86471557617,
      170595.86918640137,
      170598.138381958,
      170602.11598205566,
      170608.0557861328
    ]
  },
  "error": null
}