{
  "config": "chrome_apple_1x",
  "run_id": 12,
  "timestamp": "2026-02-23T01:13:03.010911+00:00",
  "success": true,
  "energy_data": {
    "samples": 186,
    "total_energy_joules": 297.8179,
    "energy_column_used": "CPU_ENERGY (J)",
    "duration_seconds": 92.09,
    "mean_power_watts": 3.234,
    "raw_power_readings": [
      169806.88272094727,
      169806.8876953125,
      169809.0687866211,
      169812.28747558594,
      169817.9652557373
    ]
  },
  "error": null
}