{
  "config": "chrome_apple_1x",
  "run_id": 16,
  "timestamp": "2026-02-23T01:22:00.593886+00:00",
  "success": true,
  "energy_data": {
    "samples": 186,
    "total_energy_joules": 311.3955,
    "energy_column_used": "CPU_ENERGY (J)",
    "duration_seconds": 92.08,
    "mean_power_watts": 3.3816,
    "raw_power_readings": [
      171387.29446411133,
      171387.2996520996,
      171389.5617828369,
      171393.1517791748,
      171399.06634521484
    ]
  },
  "error": null
}