{
  "config": "chrome_apple_1x",
  "run_id": 28,
  "timestamp": "2026-02-23T01:48:54.716963+00:00",
  "success": true,
  "energy_data": {
    "samples": 186,
    "total_energy_joules": 294.0798,
    "energy_column_used": "CPU_ENERGY (J)",
    "duration_seconds": 92.09,
    "mean_power_watts": 3.1932,
    "raw_power_readings": [
      176156.69184875488,
      176156.69705200195,
      176158.83239746094,
      176161.88446044922,
      176167.29725646973
    ]
  },
  "error": null
}