{
  "config": "chrome_apple_1x",
  "run_id": 23,
  "timestamp": "2026-02-23T01:37:40.865795+00:00",
  "success": true,
  "energy_data": {
    "samples": 186,
    "total_energy_joules": 303.5547,
    "energy_column_used": "CPU_ENERGY (J)",
    "duration_seconds": 92.08,
    "mean_power_watts": 3.2967,
    "raw_power_readings": [
      174167.2018585205,
      174167.2060394287,
      174169.51304626465,
      174173.36735534668,
      174179.5146331787
    ]
  },
  "error": null
}