{
  "config": "chrome_apple_1x",
  "run_id": 10,
  "timestamp": "2026-02-23T01:08:34.600510+00:00",
  "success": true,
  "energy_data": {
    "samples": 186,
    "total_energy_joules": 299.1875,
    "energy_column_used": "CPU_ENERGY (J)",
    "duration_seconds": 92.09,
    "mean_power_watts": 3.2488,
    "raw_power_readings": [
      169012.81088256836,
      169012.81698608398,
      169015.13787841797,
      169018.47804260254,
      169024.2816619873
    ]
  },
  "error": null
}