{
  "config": "chrome_apple_1x",
  "run_id": 5,
  "timestamp": "2026-02-23T00:57:22.163918+00:00",
  "success": true,
  "energy_data": {
    "samples": 186,
    "total_energy_joules": 309.6911,
    "energy_column_used": "CPU_ENERGY (J)",
    "duration_seconds": 92.09,
    "mean_power_watts": 3.3629,
    "raw_power_readings": [
      167002.67539978027,
      167002.68312072754,
      167004.99221801758,
      167008.27423095703,
      167013.80586242676
    ]
  },
  "error": null
}