{
  "config": "chrome_apple_1x",
  "run_id": 1,
  "timestamp": "2026-02-23T00:48:23.557518+00:00",
  "success": true,
  "energy_data": {
    "samples": 186,
    "total_energy_joules": 316.7664,
    "energy_column_used": "CPU_ENERGY (J)",
    "duration_seconds": 92.08,
    "mean_power_watts": 3.4401,
    "raw_power_readings": [
      165364.0990600586,
      165364.10305786133,
      165366.47428894043,
      165369.8749847412,
      165375.86351013184
    ]
  },
  "error": null
}