{
  "config": "chrome_apple_1x",
  "run_id": 15,
  "timestamp": "2026-02-23T01:19:45.833639+00:00",
  "success": true,
  "energy_data": {
    "samples": 186,
    "total_energy_joules": 300.9583,
    "energy_column_used": "CPU_ENERGY (J)",
    "duration_seconds": 92.08,
    "mean_power_watts": 3.2684,
    "raw_power_readings": [
      170991.1876525879,
      170991.19274902344,
      170993.23460388184,
      170996.79371643066,
      171002.76219177246
    ]
  },
  "error": null
}