{
  "config": "chrome_apple_1x",
  "run_id": 17,
  "timestamp": "2026-02-23T01:24:15.295326+00:00",
  "success": true,
  "energy_data": {
    "samples": 186,
    "total_energy_joules": 308.3084,
    "energy_column_used": "CPU_ENERGY (J)",
    "duration_seconds": 92.09,
    "mean_power_watts": 3.3478,
    "raw_power_readings": [
      171792.71980285645,
      171792.7257385254,
      171795.05436706543,
      171798.27757263184,
      171803.80644226074
    ]
  },
  "error": null
}