{
  "config": "chrome_apple_1x",
  "run_id": 3,
  "timestamp": "2026-02-23T00:52:52.616625+00:00",
  "success": true,
  "energy_data": {
    "samples": 187,
    "total_energy_joules": 314.453,
    "energy_column_used": "CPU_ENERGY (J)",
    "duration_seconds": 92.58,
    "mean_power_watts": 3.3966,
    "raw_power_readings": [
      166186.22073364258,
      166186.22583007812,
      166188.4611968994,
      166191.00132751465,
      166196.02476501465
    ]
  },
  "error": null
}