{
  "config": "chrome_apple_1x",
  "run_id": 6,
  "timestamp": "2026-02-23T00:59:36.613758+00:00",
  "success": true,
  "energy_data": {
    "samples": 186,
    "total_energy_joules": 303.5469,
    "energy_column_used": "CPU_ENERGY (J)",
    "duration_seconds": 92.08,
    "mean_power_watts": 3.2964,
    "raw_power_readings": [
      167409.34252929688,
      167409.34938049316,
      167411.53256225586,
      167415.33265686035,
      167421.25422668457
    ]
  },
  "error": null
}