{
  "config": "chrome_apple_1x",
  "run_id": 25,
  "timestamp": "2026-02-23T01:42:10.193429+00:00",
  "success": true,
  "energy_data": {
    "samples": 186,
    "total_energy_joules": 6.1948,
    "energy_column_used": "CORE0_ENERGY (J)",
    "duration_seconds": 0.0,
    "mean_power_watts": 6194.8242,
    "raw_power_readings": [
      7041.427932739258,
      7041.427947998047,
      7041.463912963867,
      7041.635604858398,
      7042.093490600586
    ]
  },
  "error": null
}