{
  "config": "chrome_apple_1x",
  "run_id": 1,
  "timestamp": "2026-02-23T00:48:23.557518+00:00",
  "success": true,
  "energy_data": {
    "samples": 186,
    "total_energy_joules": 6.1815,
    "energy_column_used": "CORE0_ENERGY (J)",
    "duration_seconds": 0.0,
    "mean_power_watts": 6181.5491,
    "raw_power_readings": [
      6862.912445068359,
      6862.913528442383,
      6862.952117919922,
      6863.108505249023,
      6863.540557861328
    ]
  },
  "error": null
}