{
  "config": "chrome_apple_1x",
  "run_id": 0,
  "timestamp": "2026-02-23T00:46:08.695335+00:00",
  "success": true,
  "energy_data": {
    "samples": 187,
    "total_energy_joules": 6.0266,
    "energy_column_used": "CORE0_ENERGY (J)",
    "duration_seconds": 0.0,
    "mean_power_watts": 6026.6113,
    "raw_power_readings": [
      6855.379440307617,
      6855.379608154297,
      6855.420761108398,
      6855.523254394531,
      6855.831954956055
    ]
  },
  "error": null
}