{
  "config": "chrome_apple_1x",
  "run_id": 29,
  "timestamp": "2026-02-23T01:51:09.025455+00:00",
  "success": true,
  "energy_data": {
    "samples": 186,
    "total_energy_joules": 301.9369,
    "energy_column_used": "CPU_ENERGY (J)",
    "duration_seconds": 92.08,
    "mean_power_watts": 3.279,
    "raw_power_readings": [
      176544.11277770996,
      176544.11799621582,
      176546.48162841797,
      176550.3318786621,
      176556.28120422363
    ]
  },
  "error": null
}