{
  "config": "chrome_apple_1x",
  "run_id": 7,
  "timestamp": "2026-02-23T01:01:50.991675+00:00",
  "success": true,
  "energy_data": {
    "samples": 186,
    "total_energy_joules": 307.0637,
    "energy_column_used": "CPU_ENERGY (J)",
    "duration_seconds": 92.08,
    "mean_power_watts": 3.3348,
    "raw_power_readings": [
      167808.90020751953,
      167808.90547180176,
      167811.3046722412,
      167815.17817687988,
      167821.08995056152
    ]
  },
  "error": null
}