{
  "config": "chrome_apple_1x",
  "run_id": 19,
  "timestamp": "2026-02-23T01:28:43.854018+00:00",
  "success": true,
  "energy_data": {
    "samples": 186,
    "total_energy_joules": 305.1826,
    "energy_column_used": "CPU_ENERGY (J)",
    "duration_seconds": 92.08,
    "mean_power_watts": 3.3143,
    "raw_power_readings": [
      172592.8529663086,
      172592.86170959473,
      172595.0313873291,
      172598.5378112793,
      172604.4355621338
    ]
  },
  "error": null
}