{
  "config": "chrome_apple_1x",
  "run_id": 28,
  "timestamp": "2026-02-23T01:48:54.716963+00:00",
  "success": true,
  "energy_data": {
    "samples": 186,
    "total_energy_joules": 5.5395,
    "energy_column_used": "CORE0_ENERGY (J)",
    "duration_seconds": 0.0,
    "mean_power_watts": 5539.4592,
    "raw_power_readings": [
      7064.192443847656,
      7064.193222045898,
      7064.200973510742,
      7064.341766357422,
      7064.754348754883
    ]
  },
  "error": null
}