{
  "config": "chrome_apple_1x",
  "run_id": 26,
  "timestamp": "2026-02-23T01:44:24.607947+00:00",
  "success": true,
  "energy_data": {
    "samples": 186,
    "total_energy_joules": 5.6607,
    "energy_column_used": "CORE0_ENERGY (J)",
    "duration_seconds": 0.0,
    "mean_power_watts": 5660.7208,
    "raw_power_readings": [
      7049.293167114258,
      7049.293380737305,
      7049.345993041992,
      7049.516464233398,
      7049.92887878418
    ]
  },
  "error": null
}