{
  "config": "chrome_apple_1x",
  "run_id": 9,
  "timestamp": "2026-02-23T01:06:19.971697+00:00",
  "success": true,
  "energy_data": {
    "samples": 186,
    "total_energy_joules": 306.65,
    "energy_column_used": "CPU_ENERGY (J)",
    "duration_seconds": 92.07,
    "mean_power_watts": 3.3306,
    "raw_power_readings": [
      168611.17581176758,
      168611.18211364746,
      168613.39073181152,
      168616.9216156006,
      168622.83686828613
    ]
  },
  "error": null
}