{
  "config": "chrome_apple_1x",
  "run_id": 22,
  "timestamp": "2026-02-23T01:35:26.553686+00:00",
  "success": true,
  "energy_data": {
    "samples": 186,
    "total_energy_joules": 5.6556,
    "energy_column_used": "CORE0_ENERGY (J)",
    "duration_seconds": 0.0,
    "mean_power_watts": 5655.6091,
    "raw_power_readings": [
      7019.158157348633,
      7019.158248901367,
      7019.206314086914,
      7019.424957275391,
      7019.917266845703
    ]
  },
  "error": null
}