{
  "config": "chrome_apple_1x",
  "run_id": 24,
  "timestamp": "2026-02-23T01:39:55.295005+00:00",
  "success": true,
  "energy_data": {
    "samples": 187,
    "total_energy_joules": 303.4362,
    "energy_column_used": "CPU_ENERGY (J)",
    "duration_seconds": 92.58,
    "mean_power_watts": 3.2775,
    "raw_power_readings": [
      174566.2001953125,
      174566.2052307129,
      174568.37199401855,
      174571.49826049805,
      174577.11944580078
    ]
  },
  "error": null
}