{
  "config": "chrome_apple_1x",
  "run_id": 4,
  "timestamp": "2026-02-23T00:55:07.863053+00:00",
  "success": true,
  "energy_data": {
    "samples": 186,
    "total_energy_joules": 302.8284,
    "energy_column_used": "CPU_ENERGY (J)",
    "duration_seconds": 92.09,
    "mean_power_watts": 3.2883,
    "raw_power_readings": [
      166602.62132263184,
      166602.62948608398,
      166604.94705200195,
      166608.3039703369,
      166614.09545898438
    ]
  },
  "error": null
}