{
  "config": "chrome_apple_1x",
  "run_id": 18,
  "timestamp": "2026-02-23T01:26:29.451918+00:00",
  "success": true,
  "energy_data": {
    "samples": 186,
    "total_energy_joules": 301.632,
    "energy_column_used": "CPU_ENERGY (J)",
    "duration_seconds": 92.08,
    "mean_power_watts": 3.2758,
    "raw_power_readings": [
      172198.1174468994,
      172198.1346130371,
      172200.3689880371,
      172204.27339172363,
      172210.15884399414
    ]
  },
  "error": null
}