{
  "config": "chrome_apple_1x",
  "run_id": 13,
  "timestamp": "2026-02-23T01:15:17.328516+00:00",
  "success": true,
  "energy_data": {
    "samples": 186,
    "total_energy_joules": 303.334,
    "energy_column_used": "CPU_ENERGY (J)",
    "duration_seconds": 92.09,
    "mean_power_watts": 3.2939,
    "raw_power_readings": [
      170197.3313446045,
      170197.34309387207,
      170199.66403198242,
      170202.80354309082,
      170208.07177734375
    ]
  },
  "error": null
}