{
  "config": "chrome_apple_1x",
  "run_id": 8,
  "timestamp": "2026-02-23T01:04:05.336352+00:00",
  "success": true,
  "energy_data": {
    "samples": 186,
    "total_energy_joules": 301.1684,
    "energy_column_used": "CPU_ENERGY (J)",
    "duration_seconds": 92.08,
    "mean_power_watts": 3.2706,
    "raw_power_readings": [
      168212.48320007324,
      168212.4892578125,
      168214.66873168945,
      168217.8461303711,
      168223.53036499023
    ]
  },
  "error": null
}