{
  "config": "chrome_apple_1x",
  "run_id": 11,
  "timestamp": "2026-02-23T01:10:48.913496+00:00",
  "success": true,
  "energy_data": {
    "samples": 186,
    "total_energy_joules": 304.9184,
    "energy_column_used": "CPU_ENERGY (J)",
    "duration_seconds": 92.09,
    "mean_power_watts": 3.3111,
    "raw_power_readings": [
      169406.10095214844,
      169406.10540771484,
      169408.33963012695,
      169411.6164703369,
      169417.0881500244
    ]
  },
  "error": null
}