{
  "config": "chrome_apple_1x",
  "run_id": 27,
  "timestamp": "2026-02-23T01:46:39.335775+00:00",
  "success": true,
  "energy_data": {
    "samples": 188,
    "total_energy_joules": 305.2547,
    "energy_column_used": "CPU_ENERGY (J)",
    "duration_seconds": 93.08,
    "mean_power_watts": 3.2795,
    "raw_power_readings": [
      175757.7931060791,
      175757.7995300293,
      175760.1475982666,
      175761.1145324707,
      175764.06506347656
    ]
  },
  "error": null
}