{
  "config": "chrome_apple_2x",
  "run_id": 28,
  "timestamp": "2026-02-23T02:56:07.638293+00:00",
  "success": true,
  "energy_data": {
    "samples": 187,
    "total_energy_joules": 297.2005,
    "energy_column_used": "CPU_ENERGY (J)",
    "duration_seconds": 92.59,
    "mean_power_watts": 3.2099,
    "raw_power_readings": [
      187927.05032348633,
      187927.05770874023,
      187929.30424499512,
      187930.29847717285,
      187933.9040222168
    ]
  },
  "error": null
}