{
  "config": "chrome_apple_2x",
  "run_id": 22,
  "timestamp": "2026-02-23T02:42:41.320928+00:00",
  "success": true,
  "energy_data": {
    "samples": 186,
    "total_energy_joules": 293.0149,
    "energy_column_used": "CPU_ENERGY (J)",
    "duration_seconds": 92.08,
    "mean_power_watts": 3.182,
    "raw_power_readings": [
      185573.06692504883,
      185573.07179260254,
      185575.20352172852,
      185579.16131591797,
      185584.5245513916
    ]
  },
  "error": null
}