{
  "config": "chrome_apple_2x",
  "run_id": 24,
  "timestamp": "2026-02-23T02:47:10.417935+00:00",
  "success": true,
  "energy_data": {
    "samples": 186,
    "total_energy_joules": 292.6494,
    "energy_column_used": "CPU_ENERGY (J)",
    "duration_seconds": 92.09,
    "mean_power_watts": 3.178,
    "raw_power_readings": [
      186354.47338867188,
      186354.478515625,
      186356.60311889648,
      186359.77363586426,
      186365.198928833
    ]
  },
  "error": null
}