{
  "config": "chrome_apple_2x",
  "run_id": 12,
  "timestamp": "2026-02-23T02:20:17.353733+00:00",
  "success": true,
  "energy_data": {
    "samples": 186,
    "total_energy_joules": 5.8205,
    "energy_column_used": "CORE0_ENERGY (J)",
    "duration_seconds": 0.0,
    "mean_power_watts": 5820.4803,
    "raw_power_readings": [
      7168.810317993164,
      7168.81037902832,
      7168.847564697266,
      7169.034027099609,
      7169.48957824707
    ]
  },
  "error": null
}