{
  "config": "chrome_apple_2x",
  "run_id": 27,
  "timestamp": "2026-02-23T02:53:53.486920+00:00",
  "success": true,
  "energy_data": {
    "samples": 186,
    "total_energy_joules": 304.9962,
    "energy_column_used": "CPU_ENERGY (J)",
    "duration_seconds": 92.08,
    "mean_power_watts": 3.3122,
    "raw_power_readings": [
      187528.52769470215,
      187528.53366088867,
      187530.7875366211,
      187534.39657592773,
      187540.01538085938
    ]
  },
  "error": null
}