{
  "config": "chrome_apple_2x",
  "run_id": 1,
  "timestamp": "2026-02-23T01:55:37.881211+00:00",
  "success": true,
  "energy_data": {
    "samples": 186,
    "total_energy_joules": 297.3398,
    "energy_column_used": "CPU_ENERGY (J)",
    "duration_seconds": 92.08,
    "mean_power_watts": 3.229,
    "raw_power_readings": [
      177322.435836792,
      177322.43948364258,
      177324.74932861328,
      177328.34815979004,
      177334.10052490234
    ]
  },
  "error": null
}