{
  "config": "chrome_apple_2x",
  "run_id": 8,
  "timestamp": "2026-02-23T02:11:19.939843+00:00",
  "success": true,
  "energy_data": {
    "samples": 186,
    "total_energy_joules": 299.3317,
    "energy_column_used": "CPU_ENERGY (J)",
    "duration_seconds": 92.08,
    "mean_power_watts": 3.2508,
    "raw_power_readings": [
      180065.68489074707,
      180065.69177246094,
      180067.90686035156,
      180071.18696594238,
      180076.56230163574
    ]
  },
  "error": null
}