{
  "config": "chrome_apple_2x",
  "run_id": 18,
  "timestamp": "2026-02-23T02:33:43.768849+00:00",
  "success": true,
  "energy_data": {
    "samples": 186,
    "total_energy_joules": 293.0449,
    "energy_column_used": "CPU_ENERGY (J)",
    "duration_seconds": 92.09,
    "mean_power_watts": 3.1822,
    "raw_power_readings": [
      184008.2879333496,
      184008.2949371338,
      184010.37802124023,
      184013.61486816406,
      184019.09898376465
    ]
  },
  "error": null
}