{
  "config": "chrome_apple_2x",
  "run_id": 17,
  "timestamp": "2026-02-23T02:31:29.335690+00:00",
  "success": true,
  "energy_data": {
    "samples": 186,
    "total_energy_joules": 300.2556,
    "energy_column_used": "CPU_ENERGY (J)",
    "duration_seconds": 92.09,
    "mean_power_watts": 3.2605,
    "raw_power_readings": [
      183615.35583496094,
      183615.36303710938,
      183617.6201324463,
      183620.8526611328,
      183626.14065551758
    ]
  },
  "error": null
}