{
  "config": "chrome_apple_2x",
  "run_id": 16,
  "timestamp": "2026-02-23T02:29:14.427648+00:00",
  "success": true,
  "energy_data": {
    "samples": 187,
    "total_energy_joules": 298.1837,
    "energy_column_used": "CPU_ENERGY (J)",
    "duration_seconds": 92.58,
    "mean_power_watts": 3.221,
    "raw_power_readings": [
      183223.47233581543,
      183223.4772796631,
      183225.76467895508,
      183228.60763549805,
      183233.674118042
    ]
  },
  "error": null
}