{
  "config": "chrome_apple_2x",
  "run_id": 18,
  "timestamp": "2026-02-24T04:52:55.218884+00:00",
  "success": true,
  "energy_data": {
    "samples": 188,
    "total_energy_joules": 1582.9128,
    "energy_column_used": "PACKAGE_ENERGY (J)",
    "duration_seconds": 0.0,
    "mean_power_watts": 1582912.7808,
    "raw_power_readings": [
      163803.52313232422,
      163803.53509521484,
      163807.1365966797,
      163832.3872680664,
      163865.04028320312
    ]
  },
  "error": null
}