{
  "config": "chrome_apple_2x",
  "run_id": 19,
  "timestamp": "2026-02-23T02:35:57.878503+00:00",
  "success": true,
  "energy_data": {
    "samples": 186,
    "total_energy_joules": 6.1264,
    "energy_column_used": "CORE0_ENERGY (J)",
    "duration_seconds": 0.0,
    "mean_power_watts": 6126.358,
    "raw_power_readings": [
      7220.635070800781,
      7220.635116577148,
      7220.674331665039,
      7220.837631225586,
      7221.205993652344
    ]
  },
  "error": null
}