{
  "config": "chrome_apple_2x",
  "run_id": 11,
  "timestamp": "2026-02-23T02:18:02.967900+00:00",
  "success": true,
  "energy_data": {
    "samples": 186,
    "total_energy_joules": 302.46,
    "energy_column_used": "CPU_ENERGY (J)",
    "duration_seconds": 92.08,
    "mean_power_watts": 3.2848,
    "raw_power_readings": [
      181246.59819030762,
      181246.6054534912,
      181248.93212890625,
      181252.2449951172,
      181257.40844726562
    ]
  },
  "error": null
}