{
  "config": "chrome_apple_2x",
  "run_id": 26,
  "timestamp": "2026-02-23T02:51:39.182538+00:00",
  "success": true,
  "energy_data": {
    "samples": 186,
    "total_energy_joules": 5.6655,
    "energy_column_used": "CORE0_ENERGY (J)",
    "duration_seconds": 0.0,
    "mean_power_watts": 5665.5121,
    "raw_power_readings": [
      7272.695724487305,
      7272.695755004883,
      7272.757507324219,
      7272.98486328125,
      7273.43896484375
    ]
  },
  "error": null
}