{
  "config": "chrome_apple_2x",
  "run_id": 21,
  "timestamp": "2026-02-23T02:40:26.512732+00:00",
  "success": true,
  "energy_data": {
    "samples": 187,
    "total_energy_joules": 304.0993,
    "energy_column_used": "CPU_ENERGY (J)",
    "duration_seconds": 92.58,
    "mean_power_watts": 3.2847,
    "raw_power_readings": [
      185175.9599456787,
      185175.96710205078,
      185178.0028076172,
      185180.85678100586,
      185185.87380981445
    ]
  },
  "error": null
}