{
  "config": "chrome_apple_2x",
  "run_id": 13,
  "timestamp": "2026-02-23T02:22:31.519176+00:00",
  "success": true,
  "energy_data": {
    "samples": 186,
    "total_energy_joules": 6.4118,
    "energy_column_used": "CORE0_ENERGY (J)",
    "duration_seconds": 0.0,
    "mean_power_watts": 6411.8042,
    "raw_power_readings": [
      7175.9813232421875,
      7175.981369018555,
      7176.030822753906,
      7176.224838256836,
      7176.680923461914
    ]
  },
  "error": null
}