{
  "config": "chrome_apple_2x",
  "run_id": 25,
  "timestamp": "2026-02-23T02:49:24.707825+00:00",
  "success": true,
  "energy_data": {
    "samples": 186,
    "total_energy_joules": 6.1297,
    "energy_column_used": "CORE0_ENERGY (J)",
    "duration_seconds": 0.0,
    "mean_power_watts": 6129.6844,
    "raw_power_readings": [
      7265.109939575195,
      7265.109970092773,
      7265.159454345703,
      7265.382400512695,
      7265.80924987793
    ]
  },
  "error": null
}