{
  "config": "chrome_apple_2x",
  "run_id": 26,
  "timestamp": "2026-02-23T02:51:39.182538+00:00",
  "success": true,
  "energy_data": {
    "samples": 186,
    "total_energy_joules": 297.9086,
    "energy_column_used": "CPU_ENERGY (J)",
    "duration_seconds": 92.08,
    "mean_power_watts": 3.2353,
    "raw_power_readings": [
      187137.30848693848,
      187137.31355285645,
      187139.7006072998,
      187143.53118896484,
      187149.04313659668
    ]
  },
  "error": null
}