{
  "config": "chrome_apple_2x",
  "run_id": 13,
  "timestamp": "2026-02-23T02:22:31.519176+00:00",
  "success": true,
  "energy_data": {
    "samples": 186,
    "total_energy_joules": 305.6621,
    "energy_column_used": "CPU_ENERGY (J)",
    "duration_seconds": 92.09,
    "mean_power_watts": 3.3192,
    "raw_power_readings": [
      182034.78187561035,
      182034.78623962402,
      182037.17039489746,
      182040.93252563477,
      182046.47177124023
    ]
  },
  "error": null
}