{
  "config": "chrome_apple_2x",
  "run_id": 4,
  "timestamp": "2026-02-23T02:02:21.057155+00:00",
  "success": true,
  "energy_data": {
    "samples": 187,
    "total_energy_joules": 296.833,
    "energy_column_used": "CPU_ENERGY (J)",
    "duration_seconds": 92.58,
    "mean_power_watts": 3.2063,
    "raw_power_readings": [
      178497.1865234375,
      178497.1918182373,
      178499.4326171875,
      178502.7317047119,
      178508.16981506348
    ]
  },
  "error": null
}