{
  "config": "chrome_apple_2x",
  "run_id": 12,
  "timestamp": "2026-02-23T02:20:17.353733+00:00",
  "success": true,
  "energy_data": {
    "samples": 186,
    "total_energy_joules": 298.7283,
    "energy_column_used": "CPU_ENERGY (J)",
    "duration_seconds": 92.08,
    "mean_power_watts": 3.2442,
    "raw_power_readings": [
      181643.3503112793,
      181643.3549194336,
      181645.44815063477,
      181649.24908447266,
      181654.75689697266
    ]
  },
  "error": null
}