{
  "config": "chrome_apple_2x",
  "run_id": 10,
  "timestamp": "2026-02-23T02:15:48.436594+00:00",
  "success": true,
  "energy_data": {
    "samples": 187,
    "total_energy_joules": 299.4001,
    "energy_column_used": "CPU_ENERGY (J)",
    "duration_seconds": 92.59,
    "mean_power_watts": 3.2338,
    "raw_power_readings": [
      180853.60000610352,
      180853.615234375,
      180855.87997436523,
      180859.29629516602,
      180864.8553161621
    ]
  },
  "error": null
}