{
  "config": "chrome_apple_2x",
  "run_id": 19,
  "timestamp": "2026-02-23T02:35:57.878503+00:00",
  "success": true,
  "energy_data": {
    "samples": 186,
    "total_energy_joules": 299.2104,
    "energy_column_used": "CPU_ENERGY (J)",
    "duration_seconds": 92.09,
    "mean_power_watts": 3.2492,
    "raw_power_readings": [
      184395.97549438477,
      184395.98025512695,
      184398.2964477539,
      184401.48629760742,
      184406.43824768066
    ]
  },
  "error": null
}