{
  "config": "chrome_apple_2x",
  "run_id": 25,
  "timestamp": "2026-02-23T02:49:24.707825+00:00",
  "success": true,
  "energy_data": {
    "samples": 186,
    "total_energy_joules": 302.4995,
    "energy_column_used": "CPU_ENERGY (J)",
    "duration_seconds": 92.08,
    "mean_power_watts": 3.2851,
    "raw_power_readings": [
      186739.98193359375,
      186739.9895324707,
      186742.26307678223,
      186745.8274078369,
      186751.32598876953
    ]
  },
  "error": null
}