{
  "config": "chrome_apple_2x",
  "run_id": 23,
  "timestamp": "2026-02-23T02:44:55.680056+00:00",
  "success": true,
  "energy_data": {
    "samples": 186,
    "total_energy_joules": 302.1812,
    "energy_column_used": "CPU_ENERGY (J)",
    "duration_seconds": 92.08,
    "mean_power_watts": 3.2817,
    "raw_power_readings": [
      185959.6983642578,
      185959.70252990723,
      185962.10905456543,
      185965.95645141602,
      185971.5823059082
    ]
  },
  "error": null
}