{
  "config": "chrome_apple_2x",
  "run_id": 6,
  "timestamp": "2026-02-23T02:06:50.308625+00:00",
  "success": true,
  "energy_data": {
    "samples": 186,
    "total_energy_joules": 296.4919,
    "energy_column_used": "CPU_ENERGY (J)",
    "duration_seconds": 92.08,
    "mean_power_watts": 3.2198,
    "raw_power_readings": [
      179278.73211669922,
      179278.73748779297,
      179280.9064025879,
      179284.017868042,
      179289.2523651123
    ]
  },
  "error": null
}