{
  "config": "chrome_apple_2x",
  "run_id": 5,
  "timestamp": "2026-02-23T02:04:35.919273+00:00",
  "success": true,
  "energy_data": {
    "samples": 186,
    "total_energy_joules": 300.4137,
    "energy_column_used": "CPU_ENERGY (J)",
    "duration_seconds": 92.08,
    "mean_power_watts": 3.2624,
    "raw_power_readings": [
      178885.83169555664,
      178885.83743286133,
      178888.07315063477,
      178891.29861450195,
      178896.47341918945
    ]
  },
  "error": null
}