{
  "config": "chrome_apple_2x",
  "run_id": 0,
  "timestamp": "2026-02-23T01:53:23.507295+00:00",
  "success": true,
  "energy_data": {
    "samples": 186,
    "total_energy_joules": 293.9231,
    "energy_column_used": "CPU_ENERGY (J)",
    "duration_seconds": 92.08,
    "mean_power_watts": 3.1919,
    "raw_power_readings": [
      176937.38409423828,
      176937.38818359375,
      176939.5001220703,
      176943.28944396973,
      176948.67306518555
    ]
  },
  "error": null
}