{
  "config": "chrome_apple_2x",
  "run_id": 28,
  "timestamp": "2026-02-23T02:56:07.638293+00:00",
  "success": true,
  "energy_data": {
    "samples": 187,
    "total_energy_joules": 5.5482,
    "energy_column_used": "CORE0_ENERGY (J)",
    "duration_seconds": 0.0,
    "mean_power_watts": 5548.1567,
    "raw_power_readings": [
      7287.619476318359,
      7287.621643066406,
      7287.661071777344,
      7287.661819458008,
      7287.833877563477
    ]
  },
  "error": null
}