{
  "config": "chrome_apple_2x",
  "run_id": 21,
  "timestamp": "2026-02-23T02:40:26.512732+00:00",
  "success": true,
  "energy_data": {
    "samples": 187,
    "total_energy_joules": 6.2985,
    "energy_column_used": "CORE0_ENERGY (J)",
    "duration_seconds": 0.0,
    "mean_power_watts": 6298.5077,
    "raw_power_readings": [
      7235.304870605469,
      7235.304931640625,
      7235.313171386719,
      7235.431304931641,
      7235.816848754883
    ]
  },
  "error": null
}