{
  "config": "chrome_apple_2x",
  "run_id": 8,
  "timestamp": "2026-02-23T02:11:19.939843+00:00",
  "success": true,
  "energy_data": {
    "samples": 186,
    "total_energy_joules": 5.7789,
    "energy_column_used": "CORE0_ENERGY (J)",
    "duration_seconds": 0.0,
    "mean_power_watts": 5778.9459,
    "raw_power_readings": [
      7138.4298095703125,
      7138.4300537109375,
      7138.486679077148,
      7138.63249206543,
      7139.03840637207
    ]
  },
  "error": null
}