{
  "config": "chrome_apple_2x",
  "run_id": 29,
  "timestamp": "2026-02-23T02:58:22.169236+00:00",
  "success": true,
  "energy_data": {
    "samples": 186,
    "total_energy_joules": 301.5937,
    "energy_column_used": "CPU_ENERGY (J)",
    "duration_seconds": 92.08,
    "mean_power_watts": 3.2754,
    "raw_power_readings": [
      188317.54205322266,
      188317.54692077637,
      188320.02040100098,
      188323.86848449707,
      188329.4860687256
    ]
  },
  "error": null
}