{
  "config": "chrome_apple_2x",
  "run_id": 2,
  "timestamp": "2026-02-23T01:57:52.007749+00:00",
  "success": true,
  "energy_data": {
    "samples": 186,
    "total_energy_joules": 296.0593,
    "energy_column_used": "CPU_ENERGY (J)",
    "duration_seconds": 92.08,
    "mean_power_watts": 3.2151,
    "raw_power_readings": [
      177712.13613891602,
      177712.14372253418,
      177714.44972229004,
      177718.26206970215,
      177723.71952819824
    ]
  },
  "error": null
}