{
  "config": "chrome_apple_2x",
  "run_id": 14,
  "timestamp": "2026-02-23T02:24:45.588617+00:00",
  "success": true,
  "energy_data": {
    "samples": 186,
    "total_energy_joules": 298.7417,
    "energy_column_used": "CPU_ENERGY (J)",
    "duration_seconds": 92.08,
    "mean_power_watts": 3.2444,
    "raw_power_readings": [
      182434.70231628418,
      182434.70964050293,
      182436.9658355713,
      182440.89456176758,
      182446.44485473633
    ]
  },
  "error": null
}