{
  "config": "chrome_apple_2x",
  "run_id": 11,
  "timestamp": "2026-02-23T02:18:02.967900+00:00",
  "success": true,
  "energy_data": {
    "samples": 186,
    "total_energy_joules": 6.5032,
    "energy_column_used": "CORE0_ENERGY (J)",
    "duration_seconds": 0.0,
    "mean_power_watts": 6503.2043,
    "raw_power_readings": [
      7160.892761230469,
      7160.8931884765625,
      7160.953277587891,
      7161.125701904297,
      7161.537750244141
    ]
  },
  "error": null
}