{
  "config": "chrome_apple_2x",
  "run_id": 15,
  "timestamp": "2026-02-23T02:26:59.998679+00:00",
  "success": true,
  "energy_data": {
    "samples": 186,
    "total_energy_joules": 302.2725,
    "energy_column_used": "CPU_ENERGY (J)",
    "duration_seconds": 92.09,
    "mean_power_watts": 3.2823,
    "raw_power_readings": [
      182828.62258911133,
      182828.6275177002,
      182830.8321838379,
      182834.86123657227,
      182840.42129516602
    ]
  },
  "error": null
}