{
  "config": "chrome_apple_2x",
  "run_id": 9,
  "timestamp": "2026-02-23T02:13:34.301105+00:00",
  "success": true,
  "energy_data": {
    "samples": 186,
    "total_energy_joules": 302.8839,
    "energy_column_used": "CPU_ENERGY (J)",
    "duration_seconds": 92.09,
    "mean_power_watts": 3.289,
    "raw_power_readings": [
      180459.11567687988,
      180459.12156677246,
      180461.29985046387,
      180464.773727417,
      180470.701171875
    ]
  },
  "error": null
}