{
  "config": "chrome_apple_2x",
  "run_id": 3,
  "timestamp": "2026-02-23T02:00:06.340035+00:00",
  "success": true,
  "energy_data": {
    "samples": 186,
    "total_energy_joules": 301.1623,
    "energy_column_used": "CPU_ENERGY (J)",
    "duration_seconds": 92.08,
    "mean_power_watts": 3.2707,
    "raw_power_readings": [
      178102.74714660645,
      178102.75370788574,
      178104.83833312988,
      178107.94856262207,
      178113.0940246582
    ]
  },
  "error": null
}