{
  "config": "chrome_apple_2x",
  "run_id": 20,
  "timestamp": "2026-02-23T02:38:12.221440+00:00",
  "success": true,
  "energy_data": {
    "samples": 186,
    "total_energy_joules": 294.7994,
    "energy_column_used": "CPU_ENERGY (J)",
    "duration_seconds": 92.09,
    "mean_power_watts": 3.2012,
    "raw_power_readings": [
      184787.5234222412,
      184787.52780151367,
      184789.8159942627,
      184793.05081176758,
      184798.52828979492
    ]
  },
  "error": null
}