{
  "config": "chrome_apple_2x",
  "run_id": 7,
  "timestamp": "2026-02-23T02:09:04.463127+00:00",
  "success": true,
  "energy_data": {
    "samples": 188,
    "total_energy_joules": 304.5267,
    "energy_column_used": "CPU_ENERGY (J)",
    "duration_seconds": 93.07,
    "mean_power_watts": 3.2719,
    "raw_power_readings": [
      179668.81118774414,
      179668.82235717773,
      179670.99545288086,
      179671.92349243164,
      179674.93446350098
    ]
  },
  "error": null
}