{
  "config": "chrome_apple_2x",
  "run_id": 24,
  "timestamp": "2026-02-24T05:06:25.502325+00:00",
  "success": true,
  "energy_data": {
    "samples": 188,
    "total_energy_joules": 1597.9633,
    "energy_column_used": "PACKAGE_ENERGY (J)",
    "duration_seconds": 0.0,
    "mean_power_watts": 532654.4393,
    "raw_power_readings": [
      176559.12420654297,
      176559.12420654297,
      176577.26544189453,
      176606.23663330078,
      176639.578125
    ]
  },
  "error": null
}