{
  "config": "brave_apple_2x",
  "run_id": 18,
  "timestamp": "2026-02-24T07:07:46.987593+00:00",
  "success": true,
  "energy_data": {
    "samples": 188,
    "total_energy_joules": 1526.5449,
    "energy_column_used": "PACKAGE_ENERGY (J)",
    "duration_seconds": 0.0,
    "mean_power_watts": 1526544.9219,
    "raw_power_readings": [
      21018.46307373047,
      21018.473388671875,
      21021.82781982422,
      21046.419006347656,
      21079.759887695312
    ]
  },
  "error": null
}