{
  "config": "brave_apple_1x",
  "run_id": 22,
  "timestamp": "2026-02-23T03:49:57.785612+00:00",
  "success": true,
  "energy_data": {
    "samples": 186,
    "total_energy_joules": 293.4594,
    "energy_column_used": "CPU_ENERGY (J)",
    "duration_seconds": 92.09,
    "mean_power_watts": 3.1868,
    "raw_power_readings": [
      197846.46798706055,
      197846.47492980957,
      197848.72831726074,
      197852.33987426758,
      197857.97402954102
    ]
  },
  "error": null
}