{
  "config": "brave_apple_1x",
  "run_id": 16,
  "timestamp": "2026-02-23T03:36:29.688744+00:00",
  "success": true,
  "energy_data": {
    "samples": 186,
    "total_energy_joules": 5.5419,
    "energy_column_used": "CORE0_ENERGY (J)",
    "duration_seconds": 0.0,
    "mean_power_watts": 5541.8701,
    "raw_power_readings": [
      7451.8861083984375,
      7451.886138916016,
      7451.950759887695,
      7452.166915893555,
      7452.649215698242
    ]
  },
  "error": null
}