{
  "config": "brave_apple_1x",
  "run_id": 2,
  "timestamp": "2026-02-23T03:05:04.795654+00:00",
  "success": true,
  "energy_data": {
    "samples": 186,
    "total_energy_joules": 296.0907,
    "energy_column_used": "CPU_ENERGY (J)",
    "duration_seconds": 92.08,
    "mean_power_watts": 3.2155,
    "raw_power_readings": [
      189560.5856628418,
      189560.59019470215,
      189562.86531066895,
      189566.5619506836,
      189572.42669677734
    ]
  },
  "error": null
}