{
  "config": "brave_apple_1x",
  "run_id": 20,
  "timestamp": "2026-02-23T03:45:27.197804+00:00",
  "success": true,
  "energy_data": {
    "samples": 189,
    "total_energy_joules": 316.8289,
    "energy_column_used": "CPU_ENERGY (J)",
    "duration_seconds": 93.59,
    "mean_power_watts": 3.3854,
    "raw_power_readings": [
      196997.13719177246,
      196997.1428375244,
      196999.37144470215,
      197001.92065429688,
      197006.6046142578
    ]
  },
  "error": null
}