{
  "config": "brave_apple_1x",
  "run_id": 26,
  "timestamp": "2026-02-23T03:58:55.170153+00:00",
  "success": true,
  "energy_data": {
    "samples": 186,
    "total_energy_joules": 5.3724,
    "energy_column_used": "CORE0_ENERGY (J)",
    "duration_seconds": 0.0,
    "mean_power_watts": 5372.4365,
    "raw_power_readings": [
      7546.2166748046875,
      7546.216735839844,
      7546.262985229492,
      7546.470291137695,
      7546.924957275391
    ]
  },
  "error": null
}