{
  "config": "brave_apple_1x",
  "run_id": 29,
  "timestamp": "2026-02-23T04:05:39.450176+00:00",
  "success": true,
  "energy_data": {
    "samples": 186,
    "total_energy_joules": 294.2982,
    "energy_column_used": "CPU_ENERGY (J)",
    "duration_seconds": 92.09,
    "mean_power_watts": 3.1958,
    "raw_power_readings": [
      200741.8861541748,
      200741.89030456543,
      200744.1777191162,
      200747.44888305664,
      200752.82640075684
    ]
  },
  "error": null
}