{
  "config": "brave_apple_1x",
  "run_id": 14,
  "timestamp": "2026-02-23T03:32:00.623533+00:00",
  "success": true,
  "energy_data": {
    "samples": 186,
    "total_energy_joules": 293.7487,
    "energy_column_used": "CPU_ENERGY (J)",
    "duration_seconds": 92.08,
    "mean_power_watts": 3.19,
    "raw_power_readings": [
      194526.87356567383,
      194526.87841796875,
      194529.13806152344,
      194531.91911315918,
      194537.09854125977
    ]
  },
  "error": null
}