{
  "config": "brave_apple_1x",
  "run_id": 22,
  "timestamp": "2026-02-24T06:09:14.459598+00:00",
  "success": true,
  "energy_data": {
    "samples": 186,
    "total_energy_joules": 1319.5593,
    "energy_column_used": "PACKAGE_ENERGY (J)",
    "duration_seconds": 0.0,
    "mean_power_watts": 1319559.2651,
    "raw_power_readings": [
      229517.79125976562,
      229517.79809570312,
      229531.60400390625,
      229563.07666015625,
      229594.44464111328
    ]
  },
  "error": null
}