{
  "config": "brave_apple_1x",
  "run_id": 23,
  "timestamp": "2026-02-23T03:52:12.048199+00:00",
  "success": true,
  "energy_data": {
    "samples": 186,
    "total_energy_joules": 299.5336,
    "energy_column_used": "CPU_ENERGY (J)",
    "duration_seconds": 92.08,
    "mean_power_watts": 3.2529,
    "raw_power_readings": [
      198259.97457885742,
      198259.98057556152,
      198262.36604309082,
      198265.9589996338,
      198271.80661010742
    ]
  },
  "error": null
}