{
  "config": "brave_apple_1x",
  "run_id": 11,
  "timestamp": "2026-02-23T03:25:16.694030+00:00",
  "success": true,
  "energy_data": {
    "samples": 186,
    "total_energy_joules": 301.7279,
    "energy_column_used": "CPU_ENERGY (J)",
    "duration_seconds": 92.09,
    "mean_power_watts": 3.2764,
    "raw_power_readings": [
      193284.87167358398,
      193284.87797546387,
      193287.06274414062,
      193290.52645874023,
      193296.28594970703
    ]
  },
  "error": null
}