{
  "config": "brave_apple_1x",
  "run_id": 10,
  "timestamp": "2026-02-23T03:23:02.135917+00:00",
  "success": true,
  "energy_data": {
    "samples": 186,
    "total_energy_joules": 291.782,
    "energy_column_used": "CPU_ENERGY (J)",
    "duration_seconds": 92.08,
    "mean_power_watts": 3.1687,
    "raw_power_readings": [
      192873.44107055664,
      192873.445022583,
      192875.60090637207,
      192878.8044128418,
      192884.35311889648
    ]
  },
  "error": null
}