{
  "config": "brave_apple_1x",
  "run_id": 24,
  "timestamp": "2026-02-23T03:54:26.498845+00:00",
  "success": true,
  "energy_data": {
    "samples": 186,
    "total_energy_joules": 298.0707,
    "energy_column_used": "CPU_ENERGY (J)",
    "duration_seconds": 92.09,
    "mean_power_watts": 3.2368,
    "raw_power_readings": [
      198674.0930480957,
      198674.09913635254,
      198676.18719482422,
      198679.86297607422,
      198685.61573791504
    ]
  },
  "error": null
}