{
  "config": "brave_apple_1x",
  "run_id": 19,
  "timestamp": "2026-02-23T03:43:12.770416+00:00",
  "success": true,
  "energy_data": {
    "samples": 186,
    "total_energy_joules": 298.0236,
    "energy_column_used": "CPU_ENERGY (J)",
    "duration_seconds": 92.09,
    "mean_power_watts": 3.2361,
    "raw_power_readings": [
      196586.76527404785,
      196586.77435302734,
      196588.94955444336,
      196592.3171234131,
      196597.7576599121
    ]
  },
  "error": null
}