{
  "config": "brave_apple_1x",
  "run_id": 21,
  "timestamp": "2026-02-23T03:47:42.965765+00:00",
  "success": true,
  "energy_data": {
    "samples": 186,
    "total_energy_joules": 300.5899,
    "energy_column_used": "CPU_ENERGY (J)",
    "duration_seconds": 92.09,
    "mean_power_watts": 3.2641,
    "raw_power_readings": [
      197433.73851013184,
      197433.74333190918,
      197435.9675140381,
      197439.3975982666,
      197445.1860961914
    ]
  },
  "error": null
}