{
  "config": "brave_apple_1x",
  "run_id": 26,
  "timestamp": "2026-02-23T03:58:55.170153+00:00",
  "success": true,
  "energy_data": {
    "samples": 186,
    "total_energy_joules": 292.5116,
    "energy_column_used": "CPU_ENERGY (J)",
    "duration_seconds": 92.08,
    "mean_power_watts": 3.1767,
    "raw_power_readings": [
      199504.85871887207,
      199504.86376953125,
      199507.15733337402,
      199511.03839111328,
      199516.70938110352
    ]
  },
  "error": null
}