{
  "config": "brave_apple_1x",
  "run_id": 15,
  "timestamp": "2026-02-23T03:34:15.080534+00:00",
  "success": true,
  "energy_data": {
    "samples": 187,
    "total_energy_joules": 300.1694,
    "energy_column_used": "CPU_ENERGY (J)",
    "duration_seconds": 92.58,
    "mean_power_watts": 3.2424,
    "raw_power_readings": [
      194939.9049835205,
      194939.91081237793,
      194942.11666870117,
      194944.19569396973,
      194948.5484161377
    ]
  },
  "error": null
}