{
  "config": "brave_apple_1x",
  "run_id": 22,
  "timestamp": "2026-02-23T03:49:57.785612+00:00",
  "success": true,
  "energy_data": {
    "samples": 186,
    "total_energy_joules": 5.4424,
    "energy_column_used": "CORE0_ENERGY (J)",
    "duration_seconds": 0.0,
    "mean_power_watts": 5442.4133,
    "raw_power_readings": [
      7508.622528076172,
      7508.62255859375,
      7508.660690307617,
      7508.86311340332,
      7509.325012207031
    ]
  },
  "error": null
}