{
  "config": "brave_apple_1x",
  "run_id": 6,
  "timestamp": "2026-02-23T03:14:02.950832+00:00",
  "success": true,
  "energy_data": {
    "samples": 187,
    "total_energy_joules": 301.1441,
    "energy_column_used": "CPU_ENERGY (J)",
    "duration_seconds": 92.59,
    "mean_power_watts": 3.2525,
    "raw_power_readings": [
      191221.21797180176,
      191221.22215270996,
      191223.408203125,
      191226.4801940918,
      191232.00872802734
    ]
  },
  "error": null
}