{
  "config": "brave_apple_1x",
  "run_id": 28,
  "timestamp": "2026-02-23T04:03:24.526772+00:00",
  "success": true,
  "energy_data": {
    "samples": 187,
    "total_energy_joules": 5.6371,
    "energy_column_used": "CORE0_ENERGY (J)",
    "duration_seconds": 0.0,
    "mean_power_watts": 5637.1002,
    "raw_power_readings": [
      7564.733581542969,
      7564.733581542969,
      7564.7720947265625,
      7564.934188842773,
      7565.378189086914
    ]
  },
  "error": null
}