{
  "config": "brave_apple_1x",
  "run_id": 7,
  "timestamp": "2026-02-23T03:16:18.403702+00:00",
  "success": true,
  "energy_data": {
    "samples": 186,
    "total_energy_joules": 301.3667,
    "energy_column_used": "CPU_ENERGY (J)",
    "duration_seconds": 92.09,
    "mean_power_watts": 3.2727,
    "raw_power_readings": [
      191641.92051696777,
      191641.93408203125,
      191644.3363647461,
      191648.08755493164,
      191653.86421203613
    ]
  },
  "error": null
}