{
  "config": "brave_apple_1x",
  "run_id": 12,
  "timestamp": "2026-02-23T03:27:31.374828+00:00",
  "success": true,
  "energy_data": {
    "samples": 186,
    "total_energy_joules": 293.994,
    "energy_column_used": "CPU_ENERGY (J)",
    "duration_seconds": 92.08,
    "mean_power_watts": 3.1927,
    "raw_power_readings": [
      193699.7629547119,
      193699.76795959473,
      193701.9177093506,
      193705.8463897705,
      193711.58686828613
    ]
  },
  "error": null
}