{
  "config": "brave_apple_1x",
  "run_id": 3,
  "timestamp": "2026-02-23T03:07:19.553768+00:00",
  "success": true,
  "energy_data": {
    "samples": 186,
    "total_energy_joules": 301.234,
    "energy_column_used": "CPU_ENERGY (J)",
    "duration_seconds": 92.08,
    "mean_power_watts": 3.2716,
    "raw_power_readings": [
      189978.65042114258,
      189978.65557861328,
      189980.92971801758,
      189984.78198242188,
      189990.64083862305
    ]
  },
  "error": null
}