{
  "config": "brave_apple_1x",
  "run_id": 5,
  "timestamp": "2026-02-23T03:11:48.565519+00:00",
  "success": true,
  "energy_data": {
    "samples": 186,
    "total_energy_joules": 297.9795,
    "energy_column_used": "CPU_ENERGY (J)",
    "duration_seconds": 92.08,
    "mean_power_watts": 3.2361,
    "raw_power_readings": [
      190808.19609069824,
      190808.20086669922,
      190810.5708618164,
      190814.1256866455,
      190819.8749847412
    ]
  },
  "error": null
}