{
  "config": "brave_apple_1x",
  "run_id": 12,
  "timestamp": "2026-02-23T03:27:31.374828+00:00",
  "success": true,
  "energy_data": {
    "samples": 186,
    "total_energy_joules": 5.4816,
    "energy_column_used": "CORE0_ENERGY (J)",
    "duration_seconds": 0.0,
    "mean_power_watts": 5481.6437,
    "raw_power_readings": [
      7414.752487182617,
      7414.753112792969,
      7414.784606933594,
      7415.020935058594,
      7415.491439819336
    ]
  },
  "error": null
}