{
  "config": "brave_apple_1x",
  "run_id": 8,
  "timestamp": "2026-02-23T03:18:33.067923+00:00",
  "success": true,
  "energy_data": {
    "samples": 186,
    "total_energy_joules": 294.2831,
    "energy_column_used": "CPU_ENERGY (J)",
    "duration_seconds": 92.09,
    "mean_power_watts": 3.1955,
    "raw_power_readings": [
      192056.48094177246,
      192056.48623657227,
      192058.83570861816,
      192062.05448913574,
      192067.52557373047
    ]
  },
  "error": null
}