{
  "config": "brave_apple_1x",
  "run_id": 1,
  "timestamp": "2026-02-23T03:02:50.368047+00:00",
  "success": true,
  "energy_data": {
    "samples": 186,
    "total_energy_joules": 301.212,
    "energy_column_used": "CPU_ENERGY (J)",
    "duration_seconds": 92.08,
    "mean_power_watts": 3.2713,
    "raw_power_readings": [
      189145.30947875977,
      189145.31657409668,
      189147.70329284668,
      189151.18460083008,
      189157.21522521973
    ]
  },
  "error": null
}