{
  "config": "brave_apple_1x",
  "run_id": 18,
  "timestamp": "2026-02-23T03:40:58.344522+00:00",
  "success": true,
  "energy_data": {
    "samples": 186,
    "total_energy_joules": 290.8598,
    "energy_column_used": "CPU_ENERGY (J)",
    "duration_seconds": 92.08,
    "mean_power_watts": 3.1588,
    "raw_power_readings": [
      196177.28160095215,
      196177.2858734131,
      196179.4608154297,
      196182.55738830566,
      196188.03887939453
    ]
  },
  "error": null
}