{
  "config": "brave_apple_1x",
  "run_id": 28,
  "timestamp": "2026-02-23T04:03:24.526772+00:00",
  "success": true,
  "energy_data": {
    "samples": 187,
    "total_energy_joules": 298.1258,
    "energy_column_used": "CPU_ENERGY (J)",
    "duration_seconds": 92.58,
    "mean_power_watts": 3.2201,
    "raw_power_readings": [
      200325.37199401855,
      200325.37675476074,
      200327.6943359375,
      200331.31694030762,
      200337.04052734375
    ]
  },
  "error": null
}