{
  "config": "brave_apple_1x",
  "run_id": 4,
  "timestamp": "2026-02-23T03:09:34.337604+00:00",
  "success": true,
  "energy_data": {
    "samples": 186,
    "total_energy_joules": 296.322,
    "energy_column_used": "CPU_ENERGY (J)",
    "duration_seconds": 92.08,
    "mean_power_watts": 3.2179,
    "raw_power_readings": [
      190392.98649597168,
      190392.9913635254,
      190395.27059936523,
      190399.02922058105,
      190404.68283081055
    ]
  },
  "error": null
}