{
  "config": "brave_apple_1x",
  "run_id": 17,
  "timestamp": "2026-02-23T03:38:44.087935+00:00",
  "success": true,
  "energy_data": {
    "samples": 186,
    "total_energy_joules": 296.1317,
    "energy_column_used": "CPU_ENERGY (J)",
    "duration_seconds": 92.09,
    "mean_power_watts": 3.2157,
    "raw_power_readings": [
      195767.2048034668,
      195767.21153259277,
      195769.50942993164,
      195772.20388793945,
      195777.12338256836
    ]
  },
  "error": null
}