{
  "config": "brave_apple_1x",
  "run_id": 13,
  "timestamp": "2026-02-23T03:29:45.772535+00:00",
  "success": true,
  "energy_data": {
    "samples": 186,
    "total_energy_joules": 298.3747,
    "energy_column_used": "CPU_ENERGY (J)",
    "duration_seconds": 92.09,
    "mean_power_watts": 3.2402,
    "raw_power_readings": [
      194114.71350097656,
      194114.7186126709,
      194117.22387695312,
      194120.87924194336,
      194126.7265472412
    ]
  },
  "error": null
}