{
  "config": "brave_apple_1x",
  "run_id": 25,
  "timestamp": "2026-02-23T03:56:40.984833+00:00",
  "success": true,
  "energy_data": {
    "samples": 186,
    "total_energy_joules": 299.0462,
    "energy_column_used": "CPU_ENERGY (J)",
    "duration_seconds": 92.08,
    "mean_power_watts": 3.2475,
    "raw_power_readings": [
      199092.50868225098,
      199092.51635742188,
      199094.7344970703,
      199098.41081237793,
      199104.13891601562
    ]
  },
  "error": null
}