{
  "config": "brave_apple_1x",
  "run_id": 16,
  "timestamp": "2026-02-23T03:36:29.688744+00:00",
  "success": true,
  "energy_data": {
    "samples": 186,
    "total_energy_joules": 294.3022,
    "energy_column_used": "CPU_ENERGY (J)",
    "duration_seconds": 92.08,
    "mean_power_watts": 3.196,
    "raw_power_readings": [
      195352.6980895996,
      195352.70529174805,
      195355.12190246582,
      195358.96156311035,
      195364.66624450684
    ]
  },
  "error": null
}