{
  "config": "brave_apple_1x",
  "run_id": 9,
  "timestamp": "2026-02-23T03:20:47.602398+00:00",
  "success": true,
  "energy_data": {
    "samples": 186,
    "total_energy_joules": 292.4405,
    "energy_column_used": "CPU_ENERGY (J)",
    "duration_seconds": 92.09,
    "mean_power_watts": 3.1757,
    "raw_power_readings": [
      192468.89129638672,
      192468.89921569824,
      192470.986038208,
      192473.9400024414,
      192478.98077392578
    ]
  },
  "error": null
}