{
  "config": "brave_apple_1x",
  "run_id": 20,
  "timestamp": "2026-02-23T03:45:27.197804+00:00",
  "success": true,
  "energy_data": {
    "samples": 189,
    "total_energy_joules": 7.0858,
    "energy_column_used": "CORE0_ENERGY (J)",
    "duration_seconds": 0.0,
    "mean_power_watts": 7085.7849,
    "raw_power_readings": [
      7488.59162902832,
      7488.591720581055,
      7488.627746582031,
      7488.7572021484375,
      7489.130477905273
    ]
  },
  "error": null
}