{
  "config": "brave_apple_1x",
  "run_id": 0,
  "timestamp": "2026-02-23T03:00:36.193137+00:00",
  "success": true,
  "energy_data": {
    "samples": 186,
    "total_energy_joules": 294.5437,
    "energy_column_used": "CPU_ENERGY (J)",
    "duration_seconds": 92.08,
    "mean_power_watts": 3.1987,
    "raw_power_readings": [
      188730.8120727539,
      188730.8172302246,
      188732.95544433594,
      188735.9457397461,
      188741.32809448242
    ]
  },
  "error": null
}