{
  "config": "brave_apple_1x",
  "run_id": 2,
  "timestamp": "2026-02-23T03:05:04.795654+00:00",
  "success": true,
  "energy_data": {
    "samples": 186,
    "total_energy_joules": 5.4365,
    "energy_column_used": "CORE0_ENERGY (J)",
    "duration_seconds": 0.0,
    "mean_power_watts": 5436.5387,
    "raw_power_readings": [
      7322.457550048828,
      7322.457565307617,
      7322.504211425781,
      7322.701385498047,
      7323.198532104492
    ]
  },
  "error": null
}