{
  "config": "brave_apple_1x",
  "run_id": 27,
  "timestamp": "2026-02-23T04:01:09.940480+00:00",
  "success": true,
  "energy_data": {
    "samples": 186,
    "total_energy_joules": 295.1848,
    "energy_column_used": "CPU_ENERGY (J)",
    "duration_seconds": 92.09,
    "mean_power_watts": 3.2053,
    "raw_power_readings": [
      199917.58908081055,
      199917.59394836426,
      199919.57261657715,
      199923.04873657227,
      199928.8260498047
    ]
  },
  "error": null
}