{
  "config": "brave_apple_1x",
  "run_id": 17,
  "timestamp": "2026-02-23T03:38:44.087935+00:00",
  "success": true,
  "energy_data": {
    "samples": 186,
    "total_energy_joules": 5.7393,
    "energy_column_used": "CORE0_ENERGY (J)",
    "duration_seconds": 0.0,
    "mean_power_watts": 2869.6442,
    "raw_power_readings": [
      7461.3555908203125,
      7461.355606079102,
      7461.377456665039,
      7461.502700805664,
      7461.8665771484375
    ]
  },
  "error": null
}